[
  {
    "_id": "WAS-traditional-Problems-K5-20190609",
    "_type": "dashboard",
    "_source": {
      "title": "WAS-traditional-Problems-K5-20190609",
      "hits": 0,
      "description": "Dashboard visualizes message and trace information for WebSphere Application Server traditional. Use this dashboard to look for errors, warnings and other problems.",
      "panelsJSON": "[{\"col\":1,\"id\":\"was_probleminfo\",\"panelIndex\":1,\"row\":1,\"size_x\":12,\"size_y\":1,\"type\":\"visualization\"},{\"col\":1,\"id\":\"was_hostsTable\",\"panelIndex\":2,\"row\":2,\"size_x\":4,\"size_y\":3,\"type\":\"visualization\"},{\"col\":9,\"id\":\"was_containersTable\",\"panelIndex\":4,\"row\":2,\"size_x\":4,\"size_y\":3,\"type\":\"visualization\"},{\"col\":1,\"id\":\"was_topMessageIds\",\"panelIndex\":5,\"row\":8,\"size_x\":12,\"size_y\":3,\"type\":\"visualization\"},{\"col\":1,\"columns\":[\"loglevel\",\"module\",\"message\",\"kubernetes.pod_name\",\"ibm_sequence\"],\"id\":\"was_messageSearch\",\"panelIndex\":9,\"row\":14,\"size_x\":12,\"size_y\":4,\"sort\":[\"ibm_sequence\",\"desc\"],\"type\":\"search\"},{\"col\":1,\"id\":\"was_messageGraph\",\"panelIndex\":14,\"row\":11,\"size_x\":6,\"size_y\":3,\"type\":\"visualization\"},{\"col\":7,\"id\":\"was_traceGraph\",\"panelIndex\":12,\"row\":11,\"size_x\":6,\"size_y\":3,\"type\":\"visualization\"},{\"col\":5,\"id\":\"was_podGraph\",\"panelIndex\":15,\"row\":2,\"size_x\":4,\"size_y\":3,\"type\":\"visualization\"},{\"col\":1,\"columns\":[\"loglevel\",\"module\",\"message\",\"kubernetes.pod_name\",\"ibm_sequence\"],\"id\":\"was_traceSearch\",\"panelIndex\":16,\"row\":18,\"size_x\":12,\"size_y\":4,\"sort\":[\"ibm_sequence.keyword\",\"desc\"],\"type\":\"search\"},{\"size_x\":4,\"size_y\":3,\"panelIndex\":17,\"type\":\"visualization\",\"id\":\"was_cellsTable\",\"col\":1,\"row\":5},{\"size_x\":4,\"size_y\":3,\"panelIndex\":18,\"type\":\"visualization\",\"id\":\"was_nodesTable\",\"col\":5,\"row\":5},{\"size_x\":4,\"size_y\":3,\"panelIndex\":19,\"type\":\"visualization\",\"id\":\"was_serversTable\",\"col\":9,\"row\":5}]",
      "optionsJSON": "{\"darkTheme\":false}",
      "uiStateJSON": "{\"P-13\":{\"vis\":{\"defaultColors\":{\"0 - 100\":\"rgb(0,104,55)\"}}},\"P-15\":{\"vis\":{\"params\":{\"sort\":{\"columnIndex\":null,\"direction\":null}}}},\"P-2\":{\"vis\":{\"params\":{\"sort\":{\"columnIndex\":null,\"direction\":null}}}},\"P-4\":{\"vis\":{\"params\":{\"sort\":{\"columnIndex\":null,\"direction\":null}}}},\"P-17\":{\"vis\":{\"params\":{\"sort\":{\"columnIndex\":null,\"direction\":null}}}},\"P-18\":{\"vis\":{\"params\":{\"sort\":{\"columnIndex\":null,\"direction\":null}}}},\"P-19\":{\"vis\":{\"params\":{\"sort\":{\"columnIndex\":null,\"direction\":null}}}}}",
      "version": 1,
      "timeRestore": true,
      "timeTo": "now",
      "timeFrom": "now-15m",
      "refreshInterval": {
        "display": "Off",
        "pause": false,
        "value": 0
      },
      "kibanaSavedObjectMeta": {
        "searchSourceJSON": "{\"filter\":[{\"query\":{\"query_string\":{\"analyze_wildcard\":true,\"query\":\"*\"}}}],\"highlightAll\":true,\"version\":true}"
      }
    }
  },
  {
    "_id": "was_all",
    "_type": "search",
    "_source": {
      "title": "All Search (WebSphere Application Server traditional)",
      "description": "",
      "hits": 0,
      "columns": [
        "_source"
      ],
      "sort": [
        "@timestamp",
        "desc"
      ],
      "version": 1,
      "kibanaSavedObjectMeta": {
        "searchSourceJSON": "{\"index\":\"app*\",\"highlight\":{\"pre_tags\":[\"@kibana-highlighted-field@\"],\"post_tags\":[\"@/kibana-highlighted-field@\"],\"fields\":{\"*\":{}},\"fragment_size\":2147483647},\"filter\":[],\"query\":{\"query_string\":{\"query\":\"type:was_*\",\"analyze_wildcard\":true}}}"
      }
    }
  },
  {
    "_id": "was_all2",
    "_type": "search",
    "_source": {
      "title": "All Search (WebSphere Application Server traditional), sorted by sequence",
      "description": "",
      "hits": 0,
      "columns": [
        "_source"
      ],
      "sort": [
        "ibm_sequence.keyword",
        "desc"
      ],
      "version": 1,
      "kibanaSavedObjectMeta": {
        "searchSourceJSON": "{\"index\":\"app*\",\"highlight\":{\"pre_tags\":[\"@kibana-highlighted-field@\"],\"post_tags\":[\"@/kibana-highlighted-field@\"],\"fields\":{\"*\":{}},\"fragment_size\":2147483647},\"filter\":[],\"query\":{\"query_string\":{\"query\":\"type:was_*\",\"analyze_wildcard\":true}}}"
      }
    }
  },
  {
    "_id": "was_messageSearch",
    "_type": "search",
    "_source": {
      "title": "Messages Search (WebSphere Application Server traditional)",
      "description": "",
      "hits": 0,
      "columns": [
        "loglevel",
        "module",
        "message",
        "ibm_sequence"
      ],
      "sort": [
        "@timestamp",
        "desc"
      ],
      "version": 1,
      "kibanaSavedObjectMeta": {
        "searchSourceJSON": "{\"index\":\"app*\",\"query\":{\"query_string\":{\"query\":\"type:was_message\",\"analyze_wildcard\":true}},\"filter\":[],\"highlight\":{\"pre_tags\":[\"@kibana-highlighted-field@\"],\"post_tags\":[\"@/kibana-highlighted-field@\"],\"fields\":{\"*\":{}},\"fragment_size\":2147483647},\"highlightAll\":true,\"version\":true}"
      }
    }
  },
  {
    "_id": "was_messageSearch2",
    "_type": "search",
    "_source": {
      "title": "Messages Search (WebSphere Application Server traditional), sorted by sequence",
      "description": "",
      "hits": 0,
      "columns": [
        "loglevel",
        "module",
        "message",
        "ibm_sequence"
      ],
      "sort": [
        "ibm_sequence.keyword",
        "desc"
      ],
      "version": 1,
      "kibanaSavedObjectMeta": {
        "searchSourceJSON": "{\"index\":\"app*\",\"query\":{\"query_string\":{\"query\":\"type:was_message\",\"analyze_wildcard\":true}},\"filter\":[],\"highlight\":{\"pre_tags\":[\"@kibana-highlighted-field@\"],\"post_tags\":[\"@/kibana-highlighted-field@\"],\"fields\":{\"*\":{}},\"fragment_size\":2147483647},\"highlightAll\":true,\"version\":true}"
      }
    }
  },
  {
    "_id": "was_traceSearch",
    "_type": "search",
    "_source": {
      "title": "Trace Search (WebSphere Application Server traditional)",
      "description": "",
      "hits": 0,
      "columns": [
        "loglevel",
        "module",
        "message",
        "ibm_sequence"
      ],
      "sort": [
        "@timestamp",
        "desc"
      ],
      "version": 1,
      "kibanaSavedObjectMeta": {
        "searchSourceJSON": "{\"index\":\"app*\",\"query\":{\"query_string\":{\"query\":\"type:was_trace\",\"analyze_wildcard\":true}},\"filter\":[],\"highlight\":{\"pre_tags\":[\"@kibana-highlighted-field@\"],\"post_tags\":[\"@/kibana-highlighted-field@\"],\"fields\":{\"*\":{}},\"fragment_size\":2147483647}}"
      }
    }
  },
  {
    "_id": "was_traceSearch2",
    "_type": "search",
    "_source": {
      "title": "Trace Search (WebSphere Application Server traditional), sorted by sequence",
      "description": "",
      "hits": 0,
      "columns": [
        "loglevel",
        "module",
        "message",
        "ibm_sequence"
      ],
      "sort": [
        "ibm_sequence.keyword",
        "desc"
      ],
      "version": 1,
      "kibanaSavedObjectMeta": {
        "searchSourceJSON": "{\"index\":\"app*\",\"query\":{\"query_string\":{\"query\":\"type:was_trace\",\"analyze_wildcard\":true}},\"filter\":[],\"highlight\":{\"pre_tags\":[\"@kibana-highlighted-field@\"],\"post_tags\":[\"@/kibana-highlighted-field@\"],\"fields\":{\"*\":{}},\"fragment_size\":2147483647}}"
      }
    }
  },
  {
    "_id": "was_cellsTable",
    "_type": "visualization",
    "_source": {
      "title": "Cell (WebSphere Application Server traditional)",
      "visState": "{\"title\":\"Cell (WebSphere Application Server traditional)\",\"type\":\"table\",\"params\":{\"perPage\":10,\"showPartialRows\":false,\"showMeticsAtAllLevels\":false,\"sort\":{\"columnIndex\":null,\"direction\":null},\"showTotal\":false,\"totalFunc\":\"sum\"},\"aggs\":[{\"id\":\"1\",\"enabled\":true,\"type\":\"count\",\"schema\":\"metric\",\"params\":{}},{\"id\":\"2\",\"enabled\":true,\"type\":\"terms\",\"schema\":\"bucket\",\"params\":{\"field\":\"ibm_cellName.raw\",\"size\":5,\"order\":\"desc\",\"orderBy\":\"1\"}}],\"listeners\":{}}",
      "uiStateJSON": "{\"vis\":{\"params\":{\"sort\":{\"columnIndex\":null,\"direction\":null}}}}",
      "description": "",
      "savedSearchId": "was_all",
      "version": 1,
      "kibanaSavedObjectMeta": {
        "searchSourceJSON": "{\"filter\":[]}"
      }
    }
  },
  {
    "_id": "was_containersTable",
    "_type": "visualization",
    "_source": {
      "title": "Container (WebSphere Application Server traditional)",
      "visState": "{\"title\":\"Container (WebSphere Application Server traditional)\",\"type\":\"table\",\"params\":{\"perPage\":10,\"showPartialRows\":false,\"showMeticsAtAllLevels\":false,\"sort\":{\"columnIndex\":null,\"direction\":null},\"showTotal\":false,\"totalFunc\":\"sum\",\"type\":\"table\"},\"aggs\":[{\"id\":\"1\",\"enabled\":true,\"type\":\"count\",\"schema\":\"metric\",\"params\":{}},{\"id\":\"2\",\"enabled\":true,\"type\":\"terms\",\"schema\":\"bucket\",\"params\":{\"field\":\"kubernetes.container_name.raw\",\"size\":5,\"order\":\"desc\",\"orderBy\":\"1\"}}],\"listeners\":{}}",
      "uiStateJSON": "{\"vis\":{\"params\":{\"sort\":{\"columnIndex\":null,\"direction\":null}}}}",
      "description": "",
      "savedSearchId": "was_all",
      "version": 1,
      "kibanaSavedObjectMeta": {
        "searchSourceJSON": "{\"filter\":[]}"
      }
    }
  },
  {
    "_id": "was_hostsTable",
    "_type": "visualization",
    "_source": {
      "title": "Namespace (WebSphere Application Server traditional)",
      "visState": "{\"title\":\"Namespace (WebSphere Application Server traditional)\",\"type\":\"table\",\"params\":{\"perPage\":10,\"showMeticsAtAllLevels\":false,\"showPartialRows\":false,\"sort\":{\"columnIndex\":null,\"direction\":null},\"showTotal\":false,\"totalFunc\":\"sum\",\"type\":\"table\"},\"aggs\":[{\"id\":\"1\",\"enabled\":true,\"type\":\"count\",\"schema\":\"metric\",\"params\":{}},{\"id\":\"2\",\"enabled\":true,\"type\":\"terms\",\"schema\":\"bucket\",\"params\":{\"field\":\"kubernetes.namespace_name\",\"size\":5,\"order\":\"desc\",\"orderBy\":\"1\"}}],\"listeners\":{}}",
      "uiStateJSON": "{\"vis\":{\"params\":{\"sort\":{\"columnIndex\":null,\"direction\":null}}}}",
      "description": "",
      "savedSearchId": "was_all",
      "version": 1,
      "kibanaSavedObjectMeta": {
        "searchSourceJSON": "{\"filter\":[]}"
      }
    }
  },
  {
    "_id": "was_hotMessages",
    "_type": "visualization",
    "_source": {
      "title": "Hot Messages (WebSphere Application Server traditional)",
      "visState": "{\"type\":\"histogram\",\"params\":{\"shareYAxis\":true,\"addTooltip\":true,\"addLegend\":true,\"scale\":\"linear\",\"mode\":\"stacked\",\"times\":[],\"addTimeMarker\":false,\"defaultYExtents\":false,\"setYExtents\":false,\"yAxis\":{}},\"aggs\":[{\"id\":\"1\",\"type\":\"count\",\"schema\":\"metric\",\"params\":{}},{\"id\":\"2\",\"type\":\"date_histogram\",\"schema\":\"segment\",\"params\":{\"field\":\"@timestamp\",\"interval\":\"a\",\"customInterval\":\"2h\",\"min_doc_count\":1,\"extended_bounds\":{}}},{\"id\":\"3\",\"type\":\"filters\",\"schema\":\"group\",\"params\":{\"filters\":[{\"input\":{\"query\":{\"query_string\":{\"query\":\"loglevel:FATAL\",\"analyze_wildcard\":true}}},\"label\":\"\"},{\"input\":{\"query\":{\"query_string\":{\"query\":\"loglevel:ERROR\",\"analyze_wildcard\":true}}}},{\"input\":{\"query\":{\"query_string\":{\"query\":\"loglevel:WARNING\",\"analyze_wildcard\":true}}}}]}}],\"listeners\":{},\"title\":\"Hot Messages (WebSphere Application Server traditional)\"}",
      "uiStateJSON": "{}",
      "description": "",
      "savedSearchId": "was_messageSearch",
      "version": 1,
      "kibanaSavedObjectMeta": {
        "searchSourceJSON": "{\"filter\":[]}"
      }
    }
  },
  {
    "_id": "was_messageCount",
    "_type": "visualization",
    "_source": {
      "title": "Message Count (WebSphere Application Server traditional)",
      "visState": "{\"type\":\"metric\",\"params\":{\"fontSize\":\"30\"},\"aggs\":[{\"id\":\"1\",\"type\":\"count\",\"schema\":\"metric\",\"params\":{}}],\"listeners\":{},\"title\":\"Message Count (WebSphere Application Server traditional)\"}",
      "uiStateJSON": "{}",
      "description": "",
      "version": 1,
      "kibanaSavedObjectMeta": {
        "searchSourceJSON": "{\"index\":\"app*\",\"query\":{\"query_string\":{\"analyze_wildcard\":true,\"query\":\"type:was_message*\"}},\"filter\":[]}"
      }
    }
  },
  {
    "_id": "was_messageGraph",
    "_type": "visualization",
    "_source": {
      "title": "Messages (WebSphere Application Server traditional)",
      "visState": "{\"title\":\"Messages (WebSphere Application Server traditional)\",\"type\":\"histogram\",\"params\":{\"grid\":{\"categoryLines\":false,\"style\":{\"color\":\"#eee\"}},\"categoryAxes\":[{\"id\":\"CategoryAxis-1\",\"type\":\"category\",\"position\":\"bottom\",\"show\":true,\"style\":{},\"scale\":{\"type\":\"linear\"},\"labels\":{\"show\":true,\"truncate\":100},\"title\":{\"text\":\"@timestamp per 3 hours\"}}],\"valueAxes\":[{\"id\":\"ValueAxis-1\",\"name\":\"LeftAxis-1\",\"type\":\"value\",\"position\":\"left\",\"show\":true,\"style\":{},\"scale\":{\"type\":\"linear\",\"mode\":\"normal\"},\"labels\":{\"show\":true,\"rotate\":0,\"filter\":false,\"truncate\":100},\"title\":{\"text\":\"Count\"}}],\"seriesParams\":[{\"show\":\"true\",\"type\":\"histogram\",\"mode\":\"stacked\",\"data\":{\"label\":\"Count\",\"id\":\"1\"},\"valueAxis\":\"ValueAxis-1\",\"drawLinesBetweenPoints\":true,\"showCircles\":true}],\"addTooltip\":true,\"addLegend\":true,\"legendPosition\":\"right\",\"times\":[],\"addTimeMarker\":false,\"type\":\"histogram\"},\"aggs\":[{\"id\":\"1\",\"enabled\":true,\"type\":\"count\",\"schema\":\"metric\",\"params\":{}},{\"id\":\"2\",\"enabled\":true,\"type\":\"date_histogram\",\"schema\":\"segment\",\"params\":{\"field\":\"@timestamp\",\"interval\":\"auto\",\"customInterval\":\"2h\",\"min_doc_count\":1,\"extended_bounds\":{}}},{\"id\":\"3\",\"enabled\":true,\"type\":\"terms\",\"schema\":\"group\",\"params\":{\"field\":\"loglevel.raw\",\"size\":5,\"order\":\"desc\",\"orderBy\":\"1\"}}],\"listeners\":{}}",
      "uiStateJSON": "{}",
      "description": "",
      "savedSearchId": "was_messageSearch",
      "version": 1,
      "kibanaSavedObjectMeta": {
        "searchSourceJSON": "{\"filter\":[]}"
      }
    }
  },
  {
    "_id": "was_nodesTable",
    "_type": "visualization",
    "_source": {
      "title": "Node (WebSphere Application Server traditional)",
      "visState": "{\"title\":\"Node (WebSphere Application Server traditional)\",\"type\":\"table\",\"params\":{\"perPage\":10,\"showPartialRows\":false,\"showMeticsAtAllLevels\":false,\"sort\":{\"columnIndex\":null,\"direction\":null},\"showTotal\":false,\"totalFunc\":\"sum\"},\"aggs\":[{\"id\":\"1\",\"enabled\":true,\"type\":\"count\",\"schema\":\"metric\",\"params\":{}},{\"id\":\"2\",\"enabled\":true,\"type\":\"terms\",\"schema\":\"bucket\",\"params\":{\"field\":\"ibm_nodeName.raw\",\"size\":5,\"order\":\"desc\",\"orderBy\":\"1\"}}],\"listeners\":{}}",
      "uiStateJSON": "{\"vis\":{\"params\":{\"sort\":{\"columnIndex\":null,\"direction\":null}}}}",
      "description": "",
      "savedSearchId": "was_all",
      "version": 1,
      "kibanaSavedObjectMeta": {
        "searchSourceJSON": "{\"filter\":[]}"
      }
    }
  },
  {
    "_id": "was_podGraph",
    "_type": "visualization",
    "_source": {
      "title": "Pod (WebSphere Application Server traditional)",
      "visState": "{\"title\":\"Pod (WebSphere Application Server traditional)\",\"type\":\"table\",\"params\":{\"perPage\":10,\"showPartialRows\":false,\"showMeticsAtAllLevels\":false,\"sort\":{\"columnIndex\":null,\"direction\":null},\"showTotal\":false,\"totalFunc\":\"sum\"},\"aggs\":[{\"id\":\"1\",\"enabled\":true,\"type\":\"count\",\"schema\":\"metric\",\"params\":{}},{\"id\":\"2\",\"enabled\":true,\"type\":\"terms\",\"schema\":\"bucket\",\"params\":{\"field\":\"kubernetes.pod_name\",\"size\":5,\"order\":\"desc\",\"orderBy\":\"1\"}}],\"listeners\":{}}",
      "uiStateJSON": "{\"vis\":{\"params\":{\"sort\":{\"columnIndex\":null,\"direction\":null}}}}",
      "description": "",
      "savedSearchId": "was_all",
      "version": 1,
      "kibanaSavedObjectMeta": {
        "searchSourceJSON": "{\"filter\":[]}"
      }
    }
  },
  {
    "_id": "was_probleminfo",
    "_type": "visualization",
    "_source": {
      "title": "WebSphere Application Server traditional Problems Dashboard",
      "visState": "{\"title\":\"WebSphere Application Server traditional Problems Dashboard\",\"type\":\"markdown\",\"params\":{\"markdown\":\"Dashboard visualizes message and trace information for WebSphere Application Server traditional.  Click on namespace, pod, container, cell, node or server to filter the content shown on the dashboard.\"},\"aggs\":[],\"listeners\":{}}",
      "uiStateJSON": "{}",
      "description": "",
      "version": 1,
      "kibanaSavedObjectMeta": {
        "searchSourceJSON": "{\"query\":{\"query_string\":{\"query\":\"*\",\"analyze_wildcard\":true}},\"filter\":[]}"
      }
    }
  },
  {
    "_id": "was_serversTable",
    "_type": "visualization",
    "_source": {
      "title": "Server (WebSphere Application Server traditional)",
      "visState": "{\"title\":\"Server (WebSphere Application Server traditional)\",\"type\":\"table\",\"params\":{\"perPage\":10,\"showPartialRows\":false,\"showMeticsAtAllLevels\":false,\"sort\":{\"columnIndex\":null,\"direction\":null},\"showTotal\":false,\"totalFunc\":\"sum\"},\"aggs\":[{\"id\":\"1\",\"enabled\":true,\"type\":\"count\",\"schema\":\"metric\",\"params\":{}},{\"id\":\"2\",\"enabled\":true,\"type\":\"terms\",\"schema\":\"bucket\",\"params\":{\"field\":\"ibm_serverName.raw\",\"size\":5,\"order\":\"desc\",\"orderBy\":\"1\"}}],\"listeners\":{}}",
      "uiStateJSON": "{\"vis\":{\"params\":{\"sort\":{\"columnIndex\":null,\"direction\":null}}}}",
      "description": "",
      "savedSearchId": "was_all",
      "version": 1,
      "kibanaSavedObjectMeta": {
        "searchSourceJSON": "{\"filter\":[]}"
      }
    }
  },
  {
    "_id": "was_topMessageIds",
    "_type": "visualization",
    "_source": {
      "title": "Top Message IDs (WebSphere Application Server traditional)",
      "visState": "{\"title\":\"Top Message IDs (WebSphere Application Server traditional)\",\"type\":\"histogram\",\"params\":{\"shareYAxis\":true,\"addTooltip\":true,\"addLegend\":true,\"scale\":\"linear\",\"mode\":\"stacked\",\"times\":[],\"addTimeMarker\":false,\"defaultYExtents\":false,\"setYExtents\":false,\"yAxis\":{},\"grid\":{\"categoryLines\":false,\"style\":{\"color\":\"#eee\"}},\"categoryAxes\":[{\"id\":\"CategoryAxis-1\",\"type\":\"category\",\"position\":\"bottom\",\"show\":true,\"style\":{},\"scale\":{\"type\":\"linear\"},\"labels\":{\"show\":true,\"truncate\":100},\"title\":{\"text\":\"@timestamp per 30 seconds\"}}],\"valueAxes\":[{\"id\":\"ValueAxis-1\",\"name\":\"LeftAxis-1\",\"type\":\"value\",\"position\":\"left\",\"show\":true,\"style\":{},\"scale\":{\"type\":\"linear\",\"mode\":\"normal\",\"setYExtents\":false,\"defaultYExtents\":false},\"labels\":{\"show\":true,\"rotate\":0,\"filter\":false,\"truncate\":100},\"title\":{\"text\":\"Count\"}}],\"seriesParams\":[{\"show\":\"true\",\"type\":\"histogram\",\"mode\":\"stacked\",\"data\":{\"label\":\"Count\",\"id\":\"1\"},\"valueAxis\":\"ValueAxis-1\",\"drawLinesBetweenPoints\":true,\"showCircles\":true,\"interpolate\":\"linear\"}],\"legendPosition\":\"right\",\"type\":\"histogram\"},\"aggs\":[{\"id\":\"1\",\"enabled\":true,\"type\":\"count\",\"schema\":\"metric\",\"params\":{}},{\"id\":\"2\",\"enabled\":true,\"type\":\"date_histogram\",\"schema\":\"segment\",\"params\":{\"field\":\"@timestamp\",\"interval\":\"auto\",\"customInterval\":\"2h\",\"min_doc_count\":1,\"extended_bounds\":{}}},{\"id\":\"3\",\"enabled\":true,\"type\":\"terms\",\"schema\":\"group\",\"params\":{\"field\":\"ibm_messageId.raw\",\"size\":5,\"order\":\"desc\",\"orderBy\":\"1\"}}],\"listeners\":{}}",
      "uiStateJSON": "{}",
      "description": "",
      "savedSearchId": "was_messageSearch",
      "version": 1,
      "kibanaSavedObjectMeta": {
        "searchSourceJSON": "{\"filter\":[]}"
      }
    }
  },
  {
    "_id": "was_traceCount",
    "_type": "visualization",
    "_source": {
      "title": "Trace Count (WebSphere Application Server traditional)",
      "visState": "{\"type\":\"metric\",\"params\":{\"fontSize\":\"30\"},\"aggs\":[{\"id\":\"1\",\"type\":\"count\",\"schema\":\"metric\",\"params\":{}}],\"listeners\":{},\"title\":\"Trace Count (WebSphere Application Server traditional)\"}",
      "uiStateJSON": "{}",
      "description": "",
      "savedSearchId": "was_traceSearch",
      "version": 1,
      "kibanaSavedObjectMeta": {
        "searchSourceJSON": "{\"filter\":[]}"
      }
    }
  },
  {
    "_id": "was_traceGraph",
    "_type": "visualization",
    "_source": {
      "title": "Trace (WebSphere Application Server traditional)",
      "visState": "{\"title\":\"Trace (WebSphere Application Server traditional)\",\"type\":\"histogram\",\"params\":{\"shareYAxis\":true,\"addTooltip\":true,\"addLegend\":true,\"scale\":\"linear\",\"mode\":\"stacked\",\"times\":[],\"addTimeMarker\":false,\"defaultYExtents\":false,\"setYExtents\":false,\"yAxis\":{},\"grid\":{\"categoryLines\":false,\"style\":{\"color\":\"#eee\"}},\"categoryAxes\":[{\"id\":\"CategoryAxis-1\",\"type\":\"category\",\"position\":\"bottom\",\"show\":true,\"style\":{},\"scale\":{\"type\":\"linear\"},\"labels\":{\"show\":true,\"truncate\":100},\"title\":{\"text\":\"@timestamp per 3 hours\"}}],\"valueAxes\":[{\"id\":\"ValueAxis-1\",\"name\":\"LeftAxis-1\",\"type\":\"value\",\"position\":\"left\",\"show\":true,\"style\":{},\"scale\":{\"type\":\"linear\",\"mode\":\"normal\",\"setYExtents\":false,\"defaultYExtents\":false},\"labels\":{\"show\":true,\"rotate\":0,\"filter\":false,\"truncate\":100},\"title\":{\"text\":\"Count\"}}],\"seriesParams\":[{\"show\":\"true\",\"type\":\"histogram\",\"mode\":\"stacked\",\"data\":{\"label\":\"Count\",\"id\":\"1\"},\"valueAxis\":\"ValueAxis-1\",\"drawLinesBetweenPoints\":true,\"showCircles\":true,\"interpolate\":\"linear\"}],\"legendPosition\":\"right\",\"type\":\"histogram\"},\"aggs\":[{\"id\":\"1\",\"enabled\":true,\"type\":\"count\",\"schema\":\"metric\",\"params\":{}},{\"id\":\"2\",\"enabled\":true,\"type\":\"date_histogram\",\"schema\":\"segment\",\"params\":{\"field\":\"@timestamp\",\"interval\":\"auto\",\"customInterval\":\"2h\",\"min_doc_count\":1,\"extended_bounds\":{}}},{\"id\":\"3\",\"enabled\":true,\"type\":\"terms\",\"schema\":\"group\",\"params\":{\"field\":\"loglevel.raw\",\"size\":5,\"order\":\"desc\",\"orderBy\":\"1\"}}],\"listeners\":{}}",
      "uiStateJSON": "{}",
      "description": "",
      "savedSearchId": "was_traceSearch",
      "version": 1,
      "kibanaSavedObjectMeta": {
        "searchSourceJSON": "{\"filter\":[]}"
      }
    }
  }
]
