[
  {
    "_id": "Liberty-Traffic-K5-20191122",
    "_type": "dashboard",
    "_source": {
      "title": "Liberty-Traffic-K5-20191122",
      "hits": 0,
      "description": "Dashboard visualizes access log information for Liberty servers. Use this dashboard to look for which requests are slow or failing.",
      "panelsJSON": "[{\"col\":1,\"id\":\"liberty_trafficinfo\",\"panelIndex\":1,\"row\":1,\"size_x\":12,\"size_y\":1,\"type\":\"visualization\"},{\"col\":7,\"id\":\"liberty_slowestURLs\",\"panelIndex\":5,\"row\":8,\"size_x\":6,\"size_y\":3,\"type\":\"visualization\"},{\"col\":1,\"id\":\"liberty_accessLogResponseCodeGraph\",\"panelIndex\":6,\"row\":11,\"size_x\":4,\"size_y\":3,\"type\":\"visualization\"},{\"col\":9,\"id\":\"liberty_accessLogElapsedTimeGraph\",\"panelIndex\":7,\"row\":11,\"size_x\":4,\"size_y\":3,\"type\":\"visualization\"},{\"col\":1,\"id\":\"liberty_topURLs\",\"panelIndex\":9,\"row\":8,\"size_x\":6,\"size_y\":3,\"type\":\"visualization\"},{\"col\":5,\"id\":\"liberty_accessLogAverageElapsedTimeGraph\",\"panelIndex\":14,\"row\":11,\"size_x\":4,\"size_y\":3,\"type\":\"visualization\"},{\"col\":1,\"id\":\"33082f60-c265-11e8-b344-7d7a26e293da\",\"panelIndex\":15,\"row\":2,\"size_x\":4,\"size_y\":2,\"type\":\"visualization\"},{\"col\":5,\"id\":\"41600f60-c265-11e8-b344-7d7a26e293da\",\"panelIndex\":16,\"row\":2,\"size_x\":4,\"size_y\":2,\"type\":\"visualization\"},{\"col\":9,\"id\":\"4ae69130-c265-11e8-b344-7d7a26e293da\",\"panelIndex\":17,\"row\":2,\"size_x\":4,\"size_y\":2,\"type\":\"visualization\"},{\"col\":1,\"columns\":[\"ibm_remoteHost\",\"ibm_uriPath\",\"ibm_responseCode\",\"ibm_bytesReceived\",\"ibm_elapsedTime\",\"kubernetes.pod_name\",\"ibm_sequence\"],\"id\":\"liberty_accessLogSearch\",\"panelIndex\":18,\"row\":14,\"size_x\":12,\"size_y\":4,\"sort\":[\"@timestamp\",\"desc\"],\"type\":\"search\"},{\"col\":1,\"id\":\"liberty_host_traffic\",\"panelIndex\":19,\"row\":4,\"size_x\":4,\"size_y\":2,\"type\":\"visualization\"},{\"col\":5,\"id\":\"liberty_userDir_traffic\",\"panelIndex\":20,\"row\":4,\"size_x\":4,\"size_y\":2,\"type\":\"visualization\"},{\"col\":9,\"id\":\"liberty_server_traffic\",\"panelIndex\":21,\"row\":4,\"size_x\":4,\"size_y\":2,\"type\":\"visualization\"},{\"col\":1,\"id\":\"liberty_errorResponseCodeCount\",\"panelIndex\":22,\"row\":6,\"size_x\":12,\"size_y\":2,\"type\":\"visualization\"}]",
      "optionsJSON": "{\"darkTheme\":false}",
      "uiStateJSON": "{\"P-15\":{\"vis\":{\"params\":{\"sort\":{\"columnIndex\":null,\"direction\":null}}}},\"P-16\":{\"vis\":{\"params\":{\"sort\":{\"columnIndex\":null,\"direction\":null}}}},\"P-17\":{\"vis\":{\"params\":{\"sort\":{\"columnIndex\":null,\"direction\":null}}}},\"P-19\":{\"vis\":{\"params\":{\"sort\":{\"columnIndex\":null,\"direction\":null}}}},\"P-20\":{\"vis\":{\"params\":{\"sort\":{\"columnIndex\":null,\"direction\":null}}}},\"P-21\":{\"vis\":{\"params\":{\"sort\":{\"columnIndex\":null,\"direction\":null}}}},\"P-5\":{\"vis\":{\"params\":{\"sort\":{\"columnIndex\":null,\"direction\":null}}}},\"P-9\":{\"spy\":{\"mode\":{\"fill\":false,\"name\":\"table\"}},\"vis\":{\"params\":{\"sort\":{\"columnIndex\":null,\"direction\":null}}}}}",
      "version": 1,
      "timeRestore": true,
      "timeTo": "now",
      "timeFrom": "now-15m",
      "refreshInterval": {
        "display": "Off",
        "pause": false,
        "value": 0
      },
      "kibanaSavedObjectMeta": {
        "searchSourceJSON": "{\"filter\":[{\"query\":{\"query_string\":{\"analyze_wildcard\":true,\"query\":\"*\"}}}],\"highlightAll\":true,\"version\":true}"
      }
    }
  },
  {
    "_id": "liberty_accessLogSearch",
    "_type": "search",
    "_source": {
      "title": "Liberty Access Logs Search",
      "description": "",
      "hits": 0,
      "columns": [
        "ibm_remoteHost",
        "ibm_uriPath",
        "ibm_responseCode",
        "ibm_bytesReceived",
        "ibm_elapsedTime",
        "kubernetes.pod",
        "ibm_sequence"
      ],
      "sort": [
        "@timestamp",
        "desc"
      ],
      "version": 1,
      "kibanaSavedObjectMeta": {
        "searchSourceJSON": "{\"index\":\"app*\",\"query\":{\"query_string\":{\"query\":\"type:liberty_accesslog\",\"analyze_wildcard\":true}},\"filter\":[],\"highlight\":{\"pre_tags\":[\"@kibana-highlighted-field@\"],\"post_tags\":[\"@/kibana-highlighted-field@\"],\"fields\":{\"*\":{}},\"fragment_size\":2147483647}}"
      }
    }
  },
  {
    "_id": "liberty_accessLogSearch_IBM_Sequence",
    "_type": "search",
    "_source": {
      "title": "Liberty Access Logs Search (sorted by Sequence)",
      "description": "",
      "hits": 0,
      "columns": [
        "ibm_remoteHost",
        "ibm_uriPath",
        "ibm_responseCode",
        "ibm_bytesReceived",
        "ibm_elapsedTime",
        "kubernetes.pod",
        "ibm_sequence"
      ],
      "sort": [
        "ibm_sequence",
        "desc"
      ],
      "version": 1,
      "kibanaSavedObjectMeta": {
        "searchSourceJSON": "{\"index\":\"app*\",\"query\":{\"query_string\":{\"query\":\"type:liberty_accesslog\",\"analyze_wildcard\":true}},\"filter\":[],\"highlight\":{\"pre_tags\":[\"@kibana-highlighted-field@\"],\"post_tags\":[\"@/kibana-highlighted-field@\"],\"fields\":{\"*\":{}},\"fragment_size\":2147483647}}"
      }
    }
  },
  {
    "_id": "33082f60-c265-11e8-b344-7d7a26e293da",
    "_type": "visualization",
    "_source": {
      "title": "Namespace (Traffic)",
      "visState": "{\"title\":\"Namespace (Traffic)\",\"type\":\"table\",\"params\":{\"perPage\":10,\"showPartialRows\":false,\"showMeticsAtAllLevels\":false,\"sort\":{\"columnIndex\":null,\"direction\":null},\"showTotal\":false,\"totalFunc\":\"sum\"},\"aggs\":[{\"id\":\"1\",\"enabled\":true,\"type\":\"count\",\"schema\":\"metric\",\"params\":{}},{\"id\":\"2\",\"enabled\":true,\"type\":\"terms\",\"schema\":\"bucket\",\"params\":{\"field\":\"kubernetes.namespace_name\",\"size\":5,\"order\":\"desc\",\"orderBy\":\"1\"}}],\"listeners\":{}}",
      "uiStateJSON": "{\"vis\":{\"params\":{\"sort\":{\"columnIndex\":null,\"direction\":null}}}}",
      "description": "",
      "version": 1,
      "kibanaSavedObjectMeta": {
        "searchSourceJSON": "{\"filter\":[],\"index\":\"app*\",\"highlight\":{\"pre_tags\":[\"@kibana-highlighted-field@\"],\"post_tags\":[\"@/kibana-highlighted-field@\"],\"fields\":{\"*\":{}},\"fragment_size\":2147483647},\"query\":{\"query_string\":{\"query\":\"type:liberty_accesslog\",\"analyze_wildcard\":true}}}"
      }
    }
  },
  {
    "_id": "38ce29c0-127c-11e8-b2a4-9b29ad430e63",
    "_type": "visualization",
    "_source": {
      "title": "Pod",
      "visState": "{\"title\":\"Pod\",\"type\":\"table\",\"params\":{\"perPage\":10,\"showPartialRows\":false,\"showMeticsAtAllLevels\":false,\"sort\":{\"columnIndex\":null,\"direction\":null},\"showTotal\":false,\"totalFunc\":\"sum\"},\"aggs\":[{\"id\":\"1\",\"enabled\":true,\"type\":\"count\",\"schema\":\"metric\",\"params\":{}},{\"id\":\"2\",\"enabled\":true,\"type\":\"terms\",\"schema\":\"bucket\",\"params\":{\"field\":\"kubernetes.pod_name\",\"size\":5,\"order\":\"desc\",\"orderBy\":\"1\"}}],\"listeners\":{}}",
      "uiStateJSON": "{\"vis\":{\"params\":{\"sort\":{\"columnIndex\":null,\"direction\":null}}}}",
      "description": "",
      "savedSearchId": "liberty_accessLogSearch",
      "version": 1,
      "kibanaSavedObjectMeta": {
        "searchSourceJSON": "{\"filter\":[]}"
      }
    }
  },
  {
    "_id": "41600f60-c265-11e8-b344-7d7a26e293da",
    "_type": "visualization",
    "_source": {
      "title": "Pod (Traffic)",
      "visState": "{\"title\":\"Pod (Traffic)\",\"type\":\"table\",\"params\":{\"perPage\":10,\"showPartialRows\":false,\"showMeticsAtAllLevels\":false,\"sort\":{\"columnIndex\":null,\"direction\":null},\"showTotal\":false,\"totalFunc\":\"sum\"},\"aggs\":[{\"id\":\"1\",\"enabled\":true,\"type\":\"count\",\"schema\":\"metric\",\"params\":{}},{\"id\":\"2\",\"enabled\":true,\"type\":\"terms\",\"schema\":\"bucket\",\"params\":{\"field\":\"kubernetes.pod_name\",\"size\":5,\"order\":\"desc\",\"orderBy\":\"1\"}}],\"listeners\":{}}",
      "uiStateJSON": "{\"vis\":{\"params\":{\"sort\":{\"columnIndex\":null,\"direction\":null}}}}",
      "description": "",
      "version": 1,
      "kibanaSavedObjectMeta": {
        "searchSourceJSON": "{\"filter\":[],\"index\":\"app*\",\"highlight\":{\"pre_tags\":[\"@kibana-highlighted-field@\"],\"post_tags\":[\"@/kibana-highlighted-field@\"],\"fields\":{\"*\":{}},\"fragment_size\":2147483647},\"query\":{\"query_string\":{\"query\":\"type:liberty_accesslog\",\"analyze_wildcard\":true}}}"
      }
    }
  },
  {
    "_id": "4ae69130-c265-11e8-b344-7d7a26e293da",
    "_type": "visualization",
    "_source": {
      "title": "Container (Traffic)",
      "visState": "{\"title\":\"Container (Traffic)\",\"type\":\"table\",\"params\":{\"perPage\":10,\"showMeticsAtAllLevels\":false,\"showPartialRows\":false,\"showTotal\":false,\"sort\":{\"columnIndex\":null,\"direction\":null},\"totalFunc\":\"sum\"},\"aggs\":[{\"id\":\"1\",\"enabled\":true,\"type\":\"count\",\"schema\":\"metric\",\"params\":{}},{\"id\":\"2\",\"enabled\":true,\"type\":\"terms\",\"schema\":\"bucket\",\"params\":{\"field\":\"kubernetes.container_name.raw\",\"size\":5,\"order\":\"desc\",\"orderBy\":\"1\"}}],\"listeners\":{}}",
      "uiStateJSON": "{\"vis\":{\"params\":{\"sort\":{\"columnIndex\":null,\"direction\":null}}}}",
      "description": "",
      "version": 1,
      "kibanaSavedObjectMeta": {
        "searchSourceJSON": "{\"filter\":[],\"index\":\"app*\",\"highlight\":{\"pre_tags\":[\"@kibana-highlighted-field@\"],\"post_tags\":[\"@/kibana-highlighted-field@\"],\"fields\":{\"*\":{}},\"fragment_size\":2147483647},\"query\":{\"query_string\":{\"query\":\"type:liberty_accesslog\",\"analyze_wildcard\":true}}}"
      }
    }
  },
  {
    "_id": "a7788150-127b-11e8-b2a4-9b29ad430e63",
    "_type": "visualization",
    "_source": {
      "title": "Namespace",
      "visState": "{\"title\":\"Namespace\",\"type\":\"table\",\"params\":{\"perPage\":10,\"showPartialRows\":false,\"showMeticsAtAllLevels\":false,\"sort\":{\"columnIndex\":null,\"direction\":null},\"showTotal\":false,\"totalFunc\":\"sum\"},\"aggs\":[{\"id\":\"1\",\"enabled\":true,\"type\":\"count\",\"schema\":\"metric\",\"params\":{}},{\"id\":\"2\",\"enabled\":true,\"type\":\"terms\",\"schema\":\"bucket\",\"params\":{\"field\":\"kubernetes.namespace_name\",\"size\":5,\"order\":\"desc\",\"orderBy\":\"1\"}}],\"listeners\":{}}",
      "uiStateJSON": "{\"vis\":{\"params\":{\"sort\":{\"columnIndex\":null,\"direction\":null}}}}",
      "description": "",
      "savedSearchId": "liberty_accessLogSearch",
      "version": 1,
      "kibanaSavedObjectMeta": {
        "searchSourceJSON": "{\"filter\":[]}"
      }
    }
  },
  {
    "_id": "e37ee8f0-127c-11e8-b2a4-9b29ad430e63",
    "_type": "visualization",
    "_source": {
      "title": "Container",
      "visState": "{\"aggs\":[{\"enabled\":true,\"id\":\"1\",\"params\":{},\"schema\":\"metric\",\"type\":\"count\"},{\"enabled\":true,\"id\":\"2\",\"params\":{\"field\":\"kubernetes.container_name.raw\",\"order\":\"desc\",\"orderBy\":\"1\",\"size\":5},\"schema\":\"bucket\",\"type\":\"terms\"}],\"listeners\":{},\"params\":{\"perPage\":10,\"showMeticsAtAllLevels\":false,\"showPartialRows\":false,\"showTotal\":false,\"sort\":{\"columnIndex\":null,\"direction\":null},\"totalFunc\":\"sum\"},\"title\":\"Container\",\"type\":\"table\"}",
      "uiStateJSON": "{\"vis\":{\"params\":{\"sort\":{\"columnIndex\":null,\"direction\":null}}}}",
      "description": "",
      "savedSearchId": "liberty_accessLogSearch",
      "version": 1,
      "kibanaSavedObjectMeta": {
        "searchSourceJSON": "{\"filter\":[]}"
      }
    }
  },
  {
    "_id": "liberty_accessLogAverageElapsedTimeGraph",
    "_type": "visualization",
    "_source": {
      "title": "Liberty Access Log Average Elapsed Time (in microseconds)",
      "visState": "{\"title\":\"Liberty Access Log Average Elapsed Time\",\"type\":\"line\",\"params\":{\"addLegend\":false,\"addTimeMarker\":false,\"addTooltip\":true,\"categoryAxes\":[{\"id\":\"CategoryAxis-1\",\"labels\":{\"show\":true,\"truncate\":100},\"position\":\"bottom\",\"scale\":{\"type\":\"linear\"},\"show\":true,\"style\":{},\"title\":{\"text\":\"@timestamp per 30 minutes\"},\"type\":\"category\"}],\"defaultYExtents\":false,\"drawLinesBetweenPoints\":true,\"grid\":{\"categoryLines\":false,\"style\":{\"color\":\"#eee\"}},\"interpolate\":\"linear\",\"legendPosition\":\"right\",\"radiusRatio\":9,\"scale\":\"linear\",\"seriesParams\":[{\"data\":{\"id\":\"1\",\"label\":\"Average ibm_elapsedTime\"},\"drawLinesBetweenPoints\":true,\"mode\":\"normal\",\"show\":\"true\",\"showCircles\":true,\"type\":\"line\",\"valueAxis\":\"ValueAxis-1\"}],\"setYExtents\":false,\"shareYAxis\":true,\"showCircles\":true,\"smoothLines\":false,\"times\":[],\"valueAxes\":[{\"id\":\"ValueAxis-1\",\"labels\":{\"filter\":false,\"rotate\":0,\"show\":true,\"truncate\":100},\"name\":\"LeftAxis-1\",\"position\":\"left\",\"scale\":{\"mode\":\"normal\",\"type\":\"linear\"},\"show\":true,\"style\":{},\"title\":{\"text\":\"Count\"},\"type\":\"value\"}],\"yAxis\":{}},\"aggs\":[{\"id\":\"1\",\"enabled\":true,\"type\":\"avg\",\"schema\":\"metric\",\"params\":{\"field\":\"ibm_elapsedTime\"}},{\"id\":\"2\",\"enabled\":true,\"type\":\"date_histogram\",\"schema\":\"segment\",\"params\":{\"field\":\"@timestamp\",\"interval\":\"auto\",\"customInterval\":\"2h\",\"min_doc_count\":1,\"extended_bounds\":{}}}],\"listeners\":{}}",
      "uiStateJSON": "{}",
      "description": "",
      "savedSearchId": "liberty_accessLogSearch",
      "version": 1,
      "kibanaSavedObjectMeta": {
        "searchSourceJSON": "{\"filter\":[]}"
      }
    }
  },
  {
    "_id": "liberty_accessLogCount",
    "_type": "visualization",
    "_source": {
      "title": "Liberty Access Log Count",
      "visState": "{\"type\":\"metric\",\"params\":{\"fontSize\":\"30\"},\"aggs\":[{\"id\":\"1\",\"type\":\"count\",\"schema\":\"metric\",\"params\":{}}],\"listeners\":{},\"title\":\"Liberty Access Log Count\"}",
      "uiStateJSON": "{}",
      "description": "",
      "version": 1,
      "kibanaSavedObjectMeta": {
        "searchSourceJSON": "{\"filter\":[],\"index\":\"app*\",\"query\":{\"query_string\":{\"query\":\"type:access_log OR type:liberty_accesslog\",\"analyze_wildcard\":true}},\"highlight\":{\"pre_tags\":[\"@kibana-highlighted-field@\"],\"post_tags\":[\"@/kibana-highlighted-field@\"],\"fields\":{\"*\":{}},\"require_field_match\":false,\"fragment_size\":2147483647}}"
      }
    }
  },
  {
    "_id": "liberty_accessLogElapsedTimeGraph",
    "_type": "visualization",
    "_source": {
      "title": "Liberty Access Log Elapsed Time (in microseconds)",
      "visState": "{\"aggs\":[{\"enabled\":true,\"id\":\"1\",\"params\":{},\"schema\":\"metric\",\"type\":\"count\"},{\"enabled\":true,\"id\":\"2\",\"params\":{\"customInterval\":\"2h\",\"extended_bounds\":{},\"field\":\"@timestamp\",\"interval\":\"auto\",\"min_doc_count\":1},\"schema\":\"segment\",\"type\":\"date_histogram\"},{\"enabled\":true,\"id\":\"3\",\"params\":{\"field\":\"ibm_elapsedTime\",\"ranges\":[{\"from\":0,\"to\":250000},{\"from\":250000,\"to\":500000},{\"from\":500000,\"to\":1000000},{\"from\":1000000,\"to\":2000000},{\"from\":2000000}]},\"schema\":\"group\",\"type\":\"range\"}],\"listeners\":{},\"params\":{\"addLegend\":true,\"addTimeMarker\":false,\"addTooltip\":true,\"categoryAxes\":[{\"id\":\"CategoryAxis-1\",\"labels\":{\"show\":true,\"truncate\":100},\"position\":\"bottom\",\"scale\":{\"type\":\"linear\"},\"show\":true,\"style\":{},\"title\":{\"text\":\"@timestamp per minute\"},\"type\":\"category\"}],\"defaultYExtents\":false,\"grid\":{\"categoryLines\":false,\"style\":{\"color\":\"#eee\"}},\"legendPosition\":\"right\",\"mode\":\"stacked\",\"scale\":\"linear\",\"seriesParams\":[{\"data\":{\"id\":\"1\",\"label\":\"Count\"},\"drawLinesBetweenPoints\":true,\"mode\":\"stacked\",\"show\":\"true\",\"showCircles\":true,\"type\":\"histogram\",\"valueAxis\":\"ValueAxis-1\"}],\"setYExtents\":false,\"shareYAxis\":true,\"times\":[],\"valueAxes\":[{\"id\":\"ValueAxis-1\",\"labels\":{\"filter\":false,\"rotate\":0,\"show\":true,\"truncate\":100},\"name\":\"LeftAxis-1\",\"position\":\"left\",\"scale\":{\"mode\":\"normal\",\"type\":\"linear\"},\"show\":true,\"style\":{},\"title\":{\"text\":\"Count\"},\"type\":\"value\"}],\"yAxis\":{}},\"title\":\"Liberty Access Log Elapsed Time\",\"type\":\"histogram\"}",
      "uiStateJSON": "{}",
      "description": "",
      "savedSearchId": "liberty_accessLogSearch",
      "version": 1,
      "kibanaSavedObjectMeta": {
        "searchSourceJSON": "{\"filter\":[]}"
      }
    }
  },
  {
    "_id": "liberty_accessLogMetrics",
    "_type": "visualization",
    "_source": {
      "title": "Liberty Access Log Metrics",
      "visState": "{\"type\":\"metric\",\"params\":{\"fontSize\":60},\"aggs\":[{\"id\":\"1\",\"type\":\"count\",\"schema\":\"metric\",\"params\":{}},{\"id\":\"2\",\"type\":\"avg\",\"schema\":\"metric\",\"params\":{\"field\":\"ibm_elapsedTime\"}}],\"listeners\":{},\"title\":\"Liberty Access Log Metrics\"}",
      "uiStateJSON": "{}",
      "description": "",
      "savedSearchId": "liberty_accessLogSearch",
      "version": 1,
      "kibanaSavedObjectMeta": {
        "searchSourceJSON": "{\"filter\":[]}"
      }
    }
  },
  {
    "_id": "liberty_accessLogResponseCodeGraph",
    "_type": "visualization",
    "_source": {
      "title": "Liberty Access Log Response Code",
      "visState": "{\"title\":\"Liberty Access Log Response Code\",\"type\":\"histogram\",\"params\":{\"addLegend\":true,\"addTimeMarker\":false,\"addTooltip\":true,\"categoryAxes\":[{\"id\":\"CategoryAxis-1\",\"labels\":{\"show\":true,\"truncate\":100},\"position\":\"bottom\",\"scale\":{\"type\":\"linear\"},\"show\":true,\"style\":{},\"title\":{\"text\":\"@timestamp per 30 seconds\"},\"type\":\"category\"}],\"defaultYExtents\":false,\"grid\":{\"categoryLines\":false,\"style\":{\"color\":\"#eee\"}},\"legendPosition\":\"right\",\"mode\":\"stacked\",\"scale\":\"linear\",\"seriesParams\":[{\"data\":{\"id\":\"1\",\"label\":\"Count\"},\"drawLinesBetweenPoints\":true,\"mode\":\"stacked\",\"show\":\"true\",\"showCircles\":true,\"type\":\"histogram\",\"valueAxis\":\"ValueAxis-1\"}],\"setYExtents\":false,\"shareYAxis\":true,\"times\":[],\"valueAxes\":[{\"id\":\"ValueAxis-1\",\"labels\":{\"filter\":false,\"rotate\":0,\"show\":true,\"truncate\":100},\"name\":\"LeftAxis-1\",\"position\":\"left\",\"scale\":{\"mode\":\"normal\",\"type\":\"linear\"},\"show\":true,\"style\":{},\"title\":{\"text\":\"Count\"},\"type\":\"value\"}],\"yAxis\":{}},\"aggs\":[{\"id\":\"1\",\"enabled\":true,\"type\":\"count\",\"schema\":\"metric\",\"params\":{}},{\"id\":\"2\",\"enabled\":true,\"type\":\"date_histogram\",\"schema\":\"segment\",\"params\":{\"field\":\"@timestamp\",\"interval\":\"auto\",\"customInterval\":\"2h\",\"min_doc_count\":1,\"extended_bounds\":{}}},{\"id\":\"3\",\"enabled\":true,\"type\":\"terms\",\"schema\":\"group\",\"params\":{\"field\":\"ibm_responseCode\",\"size\":10,\"order\":\"desc\",\"orderBy\":\"1\"}}],\"listeners\":{}}",
      "uiStateJSON": "{}",
      "description": "",
      "savedSearchId": "liberty_accessLogSearch",
      "version": 1,
      "kibanaSavedObjectMeta": {
        "searchSourceJSON": "{\"filter\":[]}"
      }
    }
  },
  {
    "_id": "liberty_host_traffic",
    "_type": "visualization",
    "_source": {
      "title": "Host (Traffic)",
      "visState": "{\"aggs\":[{\"enabled\":true,\"id\":\"1\",\"params\":{},\"schema\":\"metric\",\"type\":\"count\"},{\"enabled\":true,\"id\":\"2\",\"params\":{\"field\":\"host.raw\",\"order\":\"desc\",\"orderBy\":\"1\",\"size\":5},\"schema\":\"bucket\",\"type\":\"terms\"}],\"listeners\":{},\"params\":{\"perPage\":10,\"showMeticsAtAllLevels\":false,\"showPartialRows\":false,\"showTotal\":false,\"sort\":{\"columnIndex\":null,\"direction\":null},\"totalFunc\":\"sum\"},\"title\":\"Host (Traffic)\",\"type\":\"table\"}",
      "uiStateJSON": "{\"vis\":{\"params\":{\"sort\":{\"columnIndex\":null,\"direction\":null}}}}",
      "description": "",
      "version": 1,
      "kibanaSavedObjectMeta": {
        "searchSourceJSON": "{\"index\":\"app*\",\"query\":{\"query_string\":{\"analyze_wildcard\":true,\"query\":\"type:liberty_accesslog\"}},\"filter\":[]}"
      }
    }
  },
  {
    "_id": "liberty_hotResponseCodes",
    "_type": "visualization",
    "_source": {
      "title": "Liberty Hot Response Codes",
      "visState": "{\"type\":\"histogram\",\"params\":{\"shareYAxis\":true,\"addTooltip\":true,\"addLegend\":true,\"scale\":\"linear\",\"mode\":\"stacked\",\"times\":[],\"addTimeMarker\":false,\"defaultYExtents\":false,\"setYExtents\":false,\"yAxis\":{}},\"aggs\":[{\"id\":\"1\",\"type\":\"count\",\"schema\":\"metric\",\"params\":{}},{\"id\":\"2\",\"type\":\"date_histogram\",\"schema\":\"segment\",\"params\":{\"field\":\"@timestamp\",\"interval\":\"a\",\"customInterval\":\"2h\",\"min_doc_count\":1,\"extended_bounds\":{}}},{\"id\":\"3\",\"type\":\"filters\",\"schema\":\"group\",\"params\":{\"filters\":[{\"input\":{\"query\":{\"query_string\":{\"query\":\"ibm_responseCode:[100 TO 199]\",\"analyze_wildcard\":true}}},\"label\":\"100s\"},{\"input\":{\"query\":{\"query_string\":{\"query\":\"ibm_responseCode:[300 TO 399]\",\"analyze_wildcard\":true}}},\"label\":\"300s\"},{\"input\":{\"query\":{\"query_string\":{\"query\":\"ibm_responseCode:[400 TO 499]\",\"analyze_wildcard\":true}}},\"label\":\"400s\"},{\"input\":{\"query\":{\"query_string\":{\"query\":\"ibm_responseCode:[500 TO 599]\",\"analyze_wildcard\":true}}},\"label\":\"500s\"}]}}],\"listeners\":{},\"title\":\"Liberty Hot Response Codes\"}",
      "uiStateJSON": "{}",
      "description": "",
      "savedSearchId": "liberty_accessLogSearch",
      "version": 1,
      "kibanaSavedObjectMeta": {
        "searchSourceJSON": "{\"filter\":[]}"
      }
    }
  },
  {
    "_id": "liberty_server_traffic",
    "_type": "visualization",
    "_source": {
      "title": "Server (Traffic)",
      "visState": "{\"title\":\"Server (Traffic)\",\"type\":\"table\",\"params\":{\"perPage\":10,\"showMeticsAtAllLevels\":false,\"showPartialRows\":false,\"showTotal\":false,\"sort\":{\"columnIndex\":null,\"direction\":null},\"totalFunc\":\"sum\"},\"aggs\":[{\"id\":\"1\",\"enabled\":true,\"type\":\"count\",\"schema\":\"metric\",\"params\":{}},{\"id\":\"2\",\"enabled\":true,\"type\":\"terms\",\"schema\":\"bucket\",\"params\":{\"field\":\"ibm_serverName.raw\",\"size\":5,\"order\":\"desc\",\"orderBy\":\"1\"}}],\"listeners\":{}}",
      "uiStateJSON": "{\"vis\":{\"params\":{\"sort\":{\"columnIndex\":null,\"direction\":null}}}}",
      "description": "",
      "version": 1,
      "kibanaSavedObjectMeta": {
        "searchSourceJSON": "{\"index\":\"app*\",\"query\":{\"query_string\":{\"analyze_wildcard\":true,\"query\":\"type:liberty_accesslog\"}},\"filter\":[]}"
      }
    }
  },
  {
    "_id": "liberty_slowHits",
    "_type": "visualization",
    "_source": {
      "title": "Liberty Slow Hits",
      "visState": "{\"type\":\"histogram\",\"params\":{\"shareYAxis\":true,\"addTooltip\":true,\"addLegend\":true,\"scale\":\"linear\",\"mode\":\"stacked\",\"times\":[],\"addTimeMarker\":false,\"defaultYExtents\":false,\"setYExtents\":false,\"yAxis\":{}},\"aggs\":[{\"id\":\"1\",\"type\":\"count\",\"schema\":\"metric\",\"params\":{}},{\"id\":\"2\",\"type\":\"date_histogram\",\"schema\":\"segment\",\"params\":{\"field\":\"@timestamp\",\"interval\":\"a\",\"customInterval\":\"2h\",\"min_doc_count\":1,\"extended_bounds\":{}}},{\"id\":\"3\",\"type\":\"range\",\"schema\":\"group\",\"params\":{\"field\":\"ibm_elapsedTime\",\"ranges\":[{\"from\":500000,\"to\":1000000},{\"from\":1000000}]}}],\"listeners\":{},\"title\":\"Liberty Slow Hits\"}",
      "uiStateJSON": "{}",
      "description": "",
      "savedSearchId": "liberty_accessLogSearch",
      "version": 1,
      "kibanaSavedObjectMeta": {
        "searchSourceJSON": "{\"filter\":[]}"
      }
    }
  },
  {
    "_id": "liberty_slowestURLs",
    "_type": "visualization",
    "_source": {
      "title": "Liberty Slowest URLs (in microseconds)",
      "visState": "{\"title\":\"Liberty Slowest URLs\",\"type\":\"table\",\"params\":{\"perPage\":10,\"showPartialRows\":false,\"showMeticsAtAllLevels\":false,\"sort\":{\"columnIndex\":null,\"direction\":null},\"showTotal\":false,\"totalFunc\":\"sum\"},\"aggs\":[{\"id\":\"2\",\"enabled\":true,\"type\":\"terms\",\"schema\":\"bucket\",\"params\":{\"field\":\"ibm_uriPath.raw\",\"size\":10,\"orderAgg\":{\"id\":\"2-orderAgg\",\"enabled\":true,\"type\":\"avg\",\"schema\":{\"group\":\"none\",\"name\":\"orderAgg\",\"title\":\"Order Agg\",\"hideCustomLabel\":true,\"aggFilter\":[\"!top_hits\",\"!percentiles\",\"!median\",\"!std_dev\",\"!derivative\",\"!moving_avg\",\"!serial_diff\",\"!cumulative_sum\",\"!avg_bucket\",\"!max_bucket\",\"!min_bucket\",\"!sum_bucket\"],\"min\":0,\"max\":null,\"editor\":false,\"params\":[],\"deprecate\":false},\"params\":{\"field\":\"ibm_elapsedTime\"}},\"order\":\"desc\",\"orderBy\":\"custom\"}},{\"id\":\"4\",\"enabled\":true,\"type\":\"count\",\"schema\":\"metric\",\"params\":{}},{\"id\":\"3\",\"enabled\":true,\"type\":\"avg\",\"schema\":\"metric\",\"params\":{\"field\":\"ibm_elapsedTime\"}},{\"id\":\"5\",\"enabled\":true,\"type\":\"min\",\"schema\":\"metric\",\"params\":{\"field\":\"ibm_elapsedTime\"}},{\"id\":\"1\",\"enabled\":true,\"type\":\"max\",\"schema\":\"metric\",\"params\":{\"field\":\"ibm_elapsedTime\"}}],\"listeners\":{}}",
      "uiStateJSON": "{\"vis\":{\"params\":{\"sort\":{\"columnIndex\":null,\"direction\":null}}}}",
      "description": "",
      "savedSearchId": "liberty_accessLogSearch",
      "version": 1,
      "kibanaSavedObjectMeta": {
        "searchSourceJSON": "{\"filter\":[{\"meta\":{\"index\":\"app*\",\"negate\":false,\"disabled\":false,\"alias\":null,\"type\":\"phrase\",\"key\":\"type\",\"value\":\"liberty_accesslog\"},\"query\":{\"match\":{\"type\":{\"query\":\"liberty_accesslog\",\"type\":\"phrase\"}}},\"$state\":{\"store\":\"appState\"}}]}"
      }
    }
  },
  {
    "_id": "liberty_topURLs",
    "_type": "visualization",
    "_source": {
      "title": "Liberty Top URLs (in microseconds)",
      "visState": "{\"title\":\"Liberty Top URLs\",\"type\":\"table\",\"params\":{\"perPage\":10,\"showMeticsAtAllLevels\":false,\"showPartialRows\":false,\"showTotal\":false,\"sort\":{\"columnIndex\":null,\"direction\":null},\"totalFunc\":\"sum\"},\"aggs\":[{\"id\":\"1\",\"enabled\":true,\"type\":\"count\",\"schema\":\"metric\",\"params\":{}},{\"id\":\"2\",\"enabled\":true,\"type\":\"terms\",\"schema\":\"bucket\",\"params\":{\"field\":\"ibm_uriPath.raw\",\"size\":10,\"order\":\"desc\",\"orderBy\":\"1\"}},{\"id\":\"3\",\"enabled\":true,\"type\":\"avg\",\"schema\":\"metric\",\"params\":{\"field\":\"ibm_elapsedTime\"}},{\"id\":\"4\",\"enabled\":true,\"type\":\"min\",\"schema\":\"metric\",\"params\":{\"field\":\"ibm_elapsedTime\"}},{\"id\":\"5\",\"enabled\":true,\"type\":\"max\",\"schema\":\"metric\",\"params\":{\"field\":\"ibm_elapsedTime\"}}],\"listeners\":{}}",
      "uiStateJSON": "{\"vis\":{\"params\":{\"sort\":{\"columnIndex\":null,\"direction\":null}}}}",
      "description": "",
      "savedSearchId": "liberty_accessLogSearch",
      "version": 1,
      "kibanaSavedObjectMeta": {
        "searchSourceJSON": "{\"filter\":[{\"meta\":{\"index\":\"app*\",\"negate\":false,\"disabled\":false,\"alias\":null,\"type\":\"phrase\",\"key\":\"type\",\"value\":\"liberty_accesslog\"},\"query\":{\"match\":{\"type\":{\"query\":\"liberty_accesslog\",\"type\":\"phrase\"}}},\"$state\":{\"store\":\"appState\"}}]}"
      }
    }
  },
  {
    "_id": "liberty_trafficinfo",
    "_type": "visualization",
    "_source": {
      "title": "Liberty Traffic Dashboard",
      "visState": "{\"title\":\"Liberty Traffic Dashboard\",\"type\":\"markdown\",\"params\":{\"markdown\":\"Dashboard visualizes access logging information. Duration numbers are in microseconds. Configure accessLogging in your Liberty server.xml file to use the accessLog source. Click on namespace, pod, container, host, user dir or server to filter the content shown on the dashboard.\"},\"aggs\":[],\"listeners\":{}}",
      "uiStateJSON": "{}",
      "description": "",
      "version": 1,
      "kibanaSavedObjectMeta": {
        "searchSourceJSON": "{\"query\":{\"query_string\":{\"query\":\"*\",\"analyze_wildcard\":true}},\"filter\":[]}"
      }
    }
  },
  {
    "_id": "liberty_userDir_traffic",
    "_type": "visualization",
    "_source": {
      "title": "User Dir (Traffic)",
      "visState": "{\"title\":\"User Dir (Traffic)\",\"type\":\"table\",\"params\":{\"perPage\":10,\"showMeticsAtAllLevels\":false,\"showPartialRows\":false,\"showTotal\":false,\"sort\":{\"columnIndex\":null,\"direction\":null},\"totalFunc\":\"sum\"},\"aggs\":[{\"id\":\"1\",\"enabled\":true,\"type\":\"count\",\"schema\":\"metric\",\"params\":{}},{\"id\":\"2\",\"enabled\":true,\"type\":\"terms\",\"schema\":\"bucket\",\"params\":{\"field\":\"ibm_userDir.raw\",\"size\":5,\"order\":\"desc\",\"orderBy\":\"1\"}}],\"listeners\":{}}",
      "uiStateJSON": "{\"vis\":{\"params\":{\"sort\":{\"columnIndex\":null,\"direction\":null}}}}",
      "description": "",
      "version": 1,
      "kibanaSavedObjectMeta": {
        "searchSourceJSON": "{\"index\":\"app*\",\"query\":{\"query_string\":{\"analyze_wildcard\":true,\"query\":\"type:liberty_accesslog\"}},\"filter\":[]}"
      }
    }
  },
  {
    "_id": "liberty_errorResponseCodeCount",
    "_type": "visualization",
    "_source": {
      "title": "Liberty Error Response Code Count",
      "visState": "{\"title\":\"Liberty Error Response Code Count\",\"type\":\"metric\",\"params\":{\"addTooltip\":true,\"addLegend\":false,\"type\":\"gauge\",\"gauge\":{\"verticalSplit\":false,\"autoExtend\":false,\"percentageMode\":false,\"gaugeType\":\"Metric\",\"gaugeStyle\":\"Full\",\"backStyle\":\"Full\",\"orientation\":\"vertical\",\"colorSchema\":\"Green to Red\",\"gaugeColorMode\":\"None\",\"useRange\":false,\"colorsRange\":[{\"from\":0,\"to\":100}],\"invertColors\":false,\"labels\":{\"show\":true,\"color\":\"black\"},\"scale\":{\"show\":false,\"labels\":false,\"color\":\"#333\",\"width\":2},\"type\":\"simple\",\"style\":{\"fontSize\":\"50\",\"bgColor\":false,\"labelColor\":false,\"subText\":\"\"}}},\"aggs\":[{\"id\":\"1\",\"enabled\":true,\"type\":\"count\",\"schema\":\"metric\",\"params\":{}},{\"id\":\"2\",\"enabled\":true,\"type\":\"filters\",\"schema\":\"group\",\"params\":{\"filters\":[{\"input\":{\"query\":{\"query_string\":{\"query\":\"ibm_responseCode: [400 TO 499]\"}}},\"label\":\"400s\"},{\"input\":{\"query\":{\"query_string\":{\"query\":\"ibm_responseCode: [500 TO 599]\"}}},\"label\":\"500s\"}]}}],\"listeners\":{}}",
      "uiStateJSON": "{\"vis\":{\"defaultColors\":{\"0 - 100\":\"rgb(0,104,55)\"}}}",
      "description": "",
      "version": 1,
      "kibanaSavedObjectMeta": {
        "searchSourceJSON": "{\"filter\":[],\"index\":\"app*\",\"query\":{\"query_string\":{\"query\":\"type:access_log OR type:liberty_accesslog\",\"analyze_wildcard\":true}},\"highlight\":{\"pre_tags\":[\"@kibana-highlighted-field@\"],\"post_tags\":[\"@/kibana-highlighted-field@\"],\"fields\":{\"*\":{}},\"require_field_match\":false,\"fragment_size\":2147483647}}"
      }
    }
  }
]
