{
  "domain": "javaAppServer",
  "middleware": "was",
  "host": "26e1b57edd8e",
  "assessmentUnitName": "CustomerOrderServices.ear",
  "applicationName": "CustomerOrderServices.ear",
  "dcVersion": "2.4.2",
  "collectionUnitType": "profile",
  "collectionUnitName": "AppSrv01",
  "isVirtual": "false",
  "rawDependencies": [
    {
      "domain": "database",
      "middleware": "db2",
      "assessmentUnitName": "${OrderDS_databaseName_1}",
      "applicationName": "${OrderDS_databaseName_1}",
      "collectionUnitType": "instance",
      "isVirtual": "false",
      "identifier": {
        "portNumber": "${OrderDS_portNumber_1}",
        "databaseName": "${OrderDS_databaseName_1}"
      }
    }
  ],
  "serverXml": {
    "server": {
      "description": "Configuration generated by binaryAppScanner",
      "featureManager": {
        "feature": [
          "appSecurity-2.0",
          "ejbLite-3.2",
          "jaxrs-2.0",
          "jdbc-4.1",
          "jndi-1.0",
          "jpa-2.1",
          "ldapRegistry-3.0",
          "servlet-3.1"
        ]
      },
      "applicationManager": {
        "autoExpand": true
      },
      "httpEndpoint": {
        "host": "${httpEndpoint_host_1}",
        "httpPort": "${httpEndpoint_port_1}",
        "httpsPort": "${httpEndpoint_secure_port_1}",
        "id": "defaultHttpEndpoint"
      },
      "enterpriseApplication": {
        "location": "CustomerOrderServices.ear",
        "web-ext": [
          {
            "context-root": "CustomerOrderServicesWeb",
            "moduleName": "CustomerOrderServicesWeb-0.1.0-SNAPSHOT"
          },
          {
            "context-root": "CustomerOrderServicesTest",
            "moduleName": "CustomerOrderServicesTest-0.1.0-SNAPSHOT"
          }
        ],
        "application-bnd": {
          "security-role": {
            "name": "SecureShopper",
            "group": {
              "name": "SecureShopper"
            },
            "run-as": ""
          }
        }
      },
      "authData": {
        "id": "DBUser",
        "password": "${DBUser_password_1}",
        "user": "${DBUser_user_1}"
      },
      "jdbcDriver": {
        "id": "DB2_Using_IBM_JCC_Driver_(XA)",
        "library": {
          "file": [
            {
              "name": "/was/db2jars/db2jcc.jar"
            },
            {
              "name": "/was/db2jars/db2jcc_license_cu.jar"
            }
          ]
        }
      },
      "dataSource": {
        "beginTranForResultSetScrollingAPIs": false,
        "beginTranForVendorAPIs": false,
        "containerAuthDataRef": "DBUser",
        "id": "OrderDS",
        "jdbcDriverRef": "DB2_Using_IBM_JCC_Driver_(XA)",
        "jndiName": "jdbc/orderds",
        "recoveryAuthDataRef": "DBUser",
        "type": "javax.sql.XADataSource",
        "properties.db2.jcc": {
          "databaseName": "${OrderDS_databaseName_1}",
          "name": "OrderDS",
          "portNumber": "${OrderDS_portNumber_1}",
          "serverName": "${OrderDS_serverName_1}"
        },
        "connectionManager": {
          "connectionTimeout": 180,
          "maxPoolSize": 10
        }
      },
      "ldapRegistry": [
        {
          "baseDN": "${ldapRegistry_baseDN_1}",
          "bindDN": "${ldapRegistry_bindDN_1}",
          "bindPassword": "${ldapRegistry_bindPassword_1}",
          "connectTimeout": "20s",
          "host": "${ldapRegistry_host_1}",
          "id": "virmire",
          "ldapType": "Custom",
          "port": "${ldapRegistry_port_1}",
          "readTimeout": "20s",
          "ldapEntityType": {
            "name": "Group",
            "objectClass": [
              "groupOfUniqueNames",
              "groupOfNames"
            ]
          },
          "groupProperties": {
            "memberAttribute": {
              "name": "member",
              "objectClass": "groupOfNames",
              "scope": "direct"
            }
          }
        },
        {
          "baseDN": "${ldapRegistry_baseDN_2}",
          "connectTimeout": "20s",
          "host": "${ldapRegistry_host_2}",
          "id": "LDAP2",
          "ldapType": "IBM Tivoli Directory Server",
          "port": "${ldapRegistry_port_2}",
          "readTimeout": "20s",
          "loginProperty": [
            {
              "name": "uid"
            },
            {
              "name": "mail"
            }
          ],
          "ldapEntityType": [
            {
              "name": "OrgContainer",
              "objectClass": [
                "organization",
                "organizationalUnit",
                "domain",
                "container"
              ]
            },
            {
              "name": "Group",
              "objectClass": [
                "groupOfNames",
                "groupOfUniqueNames"
              ]
            },
            {
              "name": "PersonAccount",
              "objectClass": [
                "inetOrgPerson",
                "ibmPerson"
              ]
            }
          ],
          "groupProperties": {
            "memberAttribute": [
              {
                "dummyMember": "uid\u003ddummy",
                "name": "member",
                "objectClass": "groupOfNames",
                "scope": "direct"
              },
              {
                "name": "uniquemember",
                "objectClass": "groupOfUniqueNames",
                "scope": "direct"
              }
            ]
          },
          "attributeConfiguration": {
            "attribute": [
              {
                "entityType": "PersonAccount",
                "name": "userPassword",
                "propertyName": "password"
              },
              {
                "entityType": "PersonAccount",
                "name": "krbPrincipalName",
                "propertyName": "kerberosId"
              }
            ]
          },
          "ldapCache": {
            "attributesCache": {
              "size": 4000
            },
            "searchResultsCache": {
              "resultsSizeLimit": 1000,
              "timeout": "600s"
            }
          }
        }
      ],
      "federatedRepository": {
        "pageCacheTimeout": "900ms",
        "primaryRealm": {
          "allowOpIfRepoDown": true,
          "name": "defaultWIMFileBasedRealm",
          "participatingBaseEntry": [
            {
              "name": "${ldapRegistry_baseDN_1}"
            },
            {
              "name": "${ldapRegistry_baseDN_2}"
            }
          ],
          "uniqueGroupIdMapping": {
            "inputProperty": "uniqueName"
          },
          "userSecurityNameMapping": {
            "outputProperty": "principalName"
          }
        }
      },
      "variable": [
        {
          "defaultValue": "orderdb",
          "name": "OrderDS_databaseName_1"
        },
        {
          "defaultValue": 50000,
          "name": "OrderDS_portNumber_1"
        },
        {
          "defaultValue": "o\u003dcoconuts",
          "name": "ldapRegistry_baseDN_1"
        },
        {
          "defaultValue": "o\u003dibm.com",
          "name": "ldapRegistry_baseDN_2"
        },
        {
          "defaultValue": 9443,
          "name": "httpEndpoint_secure_port_1"
        },
        {
          "defaultValue": "bluepages.ibm.com",
          "name": "ldapRegistry_host_2"
        },
        {
          "defaultValue": 9080,
          "name": "httpEndpoint_port_1"
        },
        {
          "defaultValue": "*",
          "name": "httpEndpoint_host_1"
        },
        {
          "defaultValue": 389,
          "name": "ldapRegistry_port_1"
        },
        {
          "defaultValue": "virmire.rtp.raleigh.ibm.com",
          "name": "ldapRegistry_host_1"
        },
        {
          "defaultValue": 389,
          "name": "ldapRegistry_port_2"
        },
        {
          "defaultValue": "virmire1.fyre.ibm.com",
          "name": "OrderDS_serverName_1"
        },
        {
          "defaultValue": "",
          "name": "DBUser_password_1"
        },
        {
          "defaultValue": "",
          "name": "DBUser_user_1"
        },
        {
          "defaultValue": "",
          "name": "ldapRegistry_bindDN_1"
        },
        {
          "defaultValue": "",
          "name": "ldapRegistry_bindPassword_1"
        }
      ]
    }
  }
}