{
   "report": "analysis",
   "version": "1.2",
   "productVersion": "9.0",
   "productRelease": "21.0.0.1",
   "buildID": "v20210311_2302",
   "options": [
      "--sourceAppServer=was90",
      "--sourceJava=ibm8",
      "--targetAppServer=was90",
      "--targetJava=ibm8",
      "--targetCloud=containers"
   ],
   "totalRulesFlagged": 6,
   "filesAffected": 22,
   "totalResults": 49,
   "severitySummary": [
      {
         "severity": "Warning",
         "severityId": "warning",
         "totalRulesFlagged": 6,
         "totalResults": 49
      }
   ],
   "applications": [
      "/opt/IBM/WebSphere/AppServer/profiles/AppSrv01/config/cells/DefaultCell01/applications/CustomerOrderServices.ear/CustomerOrderServices.ear"
   ],
   "rules": [
      {
         "ruleName": "Databases",
         "ruleId": "DatabasesSQLRule",
         "devCost": "0",
         "instanceCost": "0",
         "severity": "Warning",
         "severityId": "warning",
         "category": "Technology connectivity considerations for IBM Cloud",
         "categoryId": "appconversion.cloud.category.technology.connectivity",
         "results": [
            {
               "fileName": "CustomerOrderServices.ear/CustomerOrderServices-0.1.0-SNAPSHOT.jar/org/pwte/example/domain/AbstractCustomer.class",
               "details": [
                  {
                     "reference": "Class annotation",
                     "match": "javax.persistence",
                     "lineNumber": 0
                  }
               ]
            },
            {
               "fileName": "CustomerOrderServices.ear/CustomerOrderServicesTest-0.1.0-SNAPSHOT.war/WEB-INF/lib/dbunit-2.2.jar/org/dbunit/DataSourceBasedDBTestCase.class",
               "details": [
                  {
                     "reference": "Method getDataSource - Method return type",
                     "match": "javax.sql",
                     "lineNumber": 0
                  }
               ]
            }
         ],
         "referencedClasses": [
            {
               "class": "javax.persistence.CascadeType",
               "total": 3
            },
            {
               "class": "javax.persistence.Column",
               "total": 15
            },
            {
               "class": "javax.persistence.DiscriminatorColumn",
               "total": 1
            },
            {
               "class": "javax.persistence.DiscriminatorType",
               "total": 1
            },
            {
               "class": "javax.persistence.DiscriminatorValue",
               "total": 2
            },
            {
               "class": "javax.persistence.Embeddable",
               "total": 2
            },
            {
               "class": "javax.persistence.Embedded",
               "total": 1
            },
            {
               "class": "javax.persistence.Entity",
               "total": 7
            },
            {
               "class": "javax.persistence.EntityManager",
               "total": 24
            },
            {
               "class": "javax.persistence.FetchType",
               "total": 10
            },
            {
               "class": "javax.persistence.GeneratedValue",
               "total": 1
            },
            {
               "class": "javax.persistence.GenerationType",
               "total": 1
            },
            {
               "class": "javax.persistence.Id",
               "total": 6
            },
            {
               "class": "javax.persistence.IdClass",
               "total": 1
            },
            {
               "class": "javax.persistence.Inheritance",
               "total": 1
            },
            {
               "class": "javax.persistence.InheritanceType",
               "total": 1
            },
            {
               "class": "javax.persistence.JoinColumn",
               "total": 7
            },
            {
               "class": "javax.persistence.JoinTable",
               "total": 1
            },
            {
               "class": "javax.persistence.ManyToMany",
               "total": 2
            },
            {
               "class": "javax.persistence.ManyToOne",
               "total": 4
            },
            {
               "class": "javax.persistence.NamedNativeQuery",
               "total": 1
            },
            {
               "class": "javax.persistence.NamedQuery",
               "total": 1
            },
            {
               "class": "javax.persistence.OneToMany",
               "total": 3
            },
            {
               "class": "javax.persistence.OneToOne",
               "total": 1
            },
            {
               "class": "javax.persistence.PersistenceContext",
               "total": 2
            },
            {
               "class": "javax.persistence.PrePersist",
               "total": 1
            },
            {
               "class": "javax.persistence.PreRemove",
               "total": 1
            },
            {
               "class": "javax.persistence.PreUpdate",
               "total": 1
            },
            {
               "class": "javax.persistence.Query",
               "total": 20
            },
            {
               "class": "javax.persistence.Table",
               "total": 3
            },
            {
               "class": "javax.persistence.Transient",
               "total": 1
            },
            {
               "class": "javax.persistence.Version",
               "total": 1
            }
         ]
      },
      {
         "ruleName": "Do not start unmanaged threads within the web or EJB container",
         "ruleId": "CreateThreadMethodsInWebOrEjbProject",
         "devCost": "0",
         "instanceCost": "0",
         "severity": "Warning",
         "severityId": "warning",
         "category": "All application servers",
         "categoryId": "com.ibm.ws.appconversion.all.category",
         "results": [
            {
               "fileName": "CustomerOrderServices.ear/CustomerOrderServicesTest-0.1.0-SNAPSHOT.war/WEB-INF/lib/dbunit-2.2.jar/org/dbunit/dataset/stream/StreamingIterator.class",
               "details": [
                  {
                     "reference": "Constructor",
                     "match": "java.lang.Thread.start(*)",
                     "lineNumber": 52
                  }
               ]
            },
            {
               "fileName": "CustomerOrderServices.ear/CustomerOrderServicesTest-0.1.0-SNAPSHOT.war/WEB-INF/lib/dbunit-2.2.jar/org/dbunit/util/concurrent/SynchronizedVariable.class",
               "details": [
                  {
                     "reference": "Method execute",
                     "match": "java.lang.Runnable.run(*)",
                     "lineNumber": 202
                  }
               ]
            },
            {
               "fileName": "CustomerOrderServices.ear/CustomerOrderServicesTest-0.1.0-SNAPSHOT.war/WEB-INF/lib/junit.jar/junit/awtui/TestRunner.class",
               "details": [
                  {
                     "reference": "Method runSuite",
                     "match": "java.lang.Thread.start(*)",
                     "lineNumber": 512
                  }
               ]
            },
            {
               "fileName": "CustomerOrderServices.ear/CustomerOrderServicesTest-0.1.0-SNAPSHOT.war/WEB-INF/lib/junit.jar/junit/extensions/ActiveTestSuite.class",
               "details": [
                  {
                     "reference": "Method runTest",
                     "match": "java.lang.Thread.start(*)",
                     "lineNumber": 49
                  }
               ]
            },
            {
               "fileName": "CustomerOrderServices.ear/CustomerOrderServicesTest-0.1.0-SNAPSHOT.war/WEB-INF/lib/junit.jar/junit/swingui/TestRunner.class",
               "details": [
                  {
                     "reference": "Method doRunTest",
                     "match": "java.lang.Thread.start(*)",
                     "lineNumber": 719
                  }
               ]
            },
            {
               "fileName": "CustomerOrderServices.ear/CustomerOrderServicesTest-0.1.0-SNAPSHOT.war/WEB-INF/lib/junitee.jar/org/junitee/runner/TestRunner.class",
               "details": [
                  {
                     "reference": "Method run",
                     "match": "java.lang.Runnable.run(*)",
                     "lineNumber": 95
                  },
                  {
                     "reference": "Method run",
                     "match": "java.lang.Thread.start(*)",
                     "lineNumber": 93
                  }
               ]
            },
            {
               "fileName": "CustomerOrderServices.ear/CustomerOrderServicesWeb-0.1.0-SNAPSHOT.war/dojo/util/shrinksafe/js.jar/org/mozilla/javascript/tools/shell/Global.class",
               "details": [
                  {
                     "reference": "Method runProcess",
                     "match": "org.mozilla.javascript.tools.shell.PipeThread.start(*)",
                     "lineNumber": 739
                  },
                  {
                     "reference": "Method runProcess",
                     "match": "org.mozilla.javascript.tools.shell.PipeThread.start(*)",
                     "lineNumber": 747
                  },
                  {
                     "reference": "Method runProcess",
                     "match": "org.mozilla.javascript.tools.shell.PipeThread.start(*)",
                     "lineNumber": 755
                  },
                  {
                     "reference": "Method spawn",
                     "match": "java.lang.Thread.start(*)",
                     "lineNumber": 400
                  }
               ]
            }
         ]
      },
      {
         "ruleName": "Handling application configuration in Docker containers",
         "ruleId": "DetectPropertiesFiles",
         "devCost": "0",
         "instanceCost": "0",
         "severity": "Warning",
         "severityId": "warning",
         "category": "Containers (OpenShift, Kubernetes)",
         "categoryId": "appconversion.cloud.category.docker",
         "results": [
            {
               "fileName": "CustomerOrderServices.ear/CustomerOrderServicesTest-0.1.0-SNAPSHOT.war/WEB-INF/lib/dbunit-2.2.jar/cvs-tests.properties",
               "details": [
                  {
                     "reference": null,
                     "match": "(.*)?\\.properties",
                     "lineNumber": 0
                  }
               ]
            },
            {
               "fileName": "CustomerOrderServices.ear/CustomerOrderServicesTest-0.1.0-SNAPSHOT.war/WEB-INF/lib/junit.jar/junit/runner/BaseTestRunner.class",
               "details": [
                  {
                     "reference": "Method readPreferences",
                     "match": "java.util.Properties.load(*)",
                     "lineNumber": 240
                  }
               ]
            },
            {
               "fileName": "CustomerOrderServices.ear/CustomerOrderServicesTest-0.1.0-SNAPSHOT.war/WEB-INF/lib/junit.jar/junit/runner/TestCaseClassLoader.class",
               "details": [
                  {
                     "reference": "Method readExcludedPackages",
                     "match": "java.util.Properties.load(*)",
                     "lineNumber": 218
                  }
               ]
            },
            {
               "fileName": "CustomerOrderServices.ear/CustomerOrderServicesTest-0.1.0-SNAPSHOT.war/WEB-INF/lib/junit.jar/junit/runner/excluded.properties",
               "details": [
                  {
                     "reference": null,
                     "match": "(.*)?\\.properties",
                     "lineNumber": 0
                  }
               ]
            }
         ]
      },
      {
         "ruleName": "Java EE security",
         "ruleId": "ApplicationSecurityRule",
         "devCost": "0",
         "instanceCost": "0",
         "severity": "Warning",
         "severityId": "warning",
         "category": "Technology connectivity considerations for IBM Cloud",
         "categoryId": "appconversion.cloud.category.technology.connectivity",
         "results": [
            {
               "fileName": "CustomerOrderServices.ear/CustomerOrderServices-0.1.0-SNAPSHOT.jar/org/pwte/example/service/CustomerOrderServicesImpl.class",
               "details": [
                  {
                     "reference": "Class annotation",
                     "match": "javax.annotation.security.RolesAllowed",
                     "lineNumber": 0
                  }
               ]
            },
            {
               "fileName": "CustomerOrderServices.ear/CustomerOrderServicesTest-0.1.0-SNAPSHOT.war/WEB-INF/web.xml",
               "details": [
                  {
                     "reference": null,
                     "match": "security-constraint",
                     "lineNumber": 21
                  }
               ]
            },
            {
               "fileName": "CustomerOrderServices.ear/CustomerOrderServicesWeb-0.1.0-SNAPSHOT.war/WEB-INF/web.xml",
               "details": [
                  {
                     "reference": null,
                     "match": "security-constraint",
                     "lineNumber": 27
                  }
               ]
            }
         ]
      },
      {
         "ruleName": "Managing data inside and between Docker containers",
         "ruleId": "FileSystemRule",
         "devCost": "0",
         "instanceCost": "0",
         "severity": "Warning",
         "severityId": "warning",
         "category": "Containers (OpenShift, Kubernetes)",
         "categoryId": "appconversion.cloud.category.docker",
         "results": [
            {
               "fileName": "CustomerOrderServices.ear/CustomerOrderServicesTest-0.1.0-SNAPSHOT.war/WEB-INF/lib/dbunit-2.2.jar/org/dbunit/ant/Export.class",
               "details": [
                  {
                     "reference": "Method execute",
                     "match": "java.io.FileOutputStream",
                     "lineNumber": 150
                  }
               ]
            },
            {
               "fileName": "CustomerOrderServices.ear/CustomerOrderServicesTest-0.1.0-SNAPSHOT.war/WEB-INF/lib/dbunit-2.2.jar/org/dbunit/dataset/csv/CsvDataSetWriter.class",
               "details": [
                  {
                     "reference": "Method endDataSet",
                     "match": "java.io.FileWriter",
                     "lineNumber": 94
                  },
                  {
                     "reference": "Method startTable",
                     "match": "java.io.FileWriter",
                     "lineNumber": 109
                  }
               ]
            },
            {
               "fileName": "CustomerOrderServices.ear/CustomerOrderServicesTest-0.1.0-SNAPSHOT.war/WEB-INF/lib/junit.jar/junit/runner/BaseTestRunner.class",
               "details": [
                  {
                     "reference": "Method savePreferences",
                     "match": "java.io.FileOutputStream",
                     "lineNumber": 57
                  },
                  {
                     "reference": "Method savePreferences",
                     "match": "java.io.FileOutputStream",
                     "lineNumber": 62
                  },
                  {
                     "reference": "Method savePreferences",
                     "match": "java.io.FileOutputStream",
                     "lineNumber": 64
                  }
               ]
            },
            {
               "fileName": "CustomerOrderServices.ear/CustomerOrderServicesTest-0.1.0-SNAPSHOT.war/WEB-INF/lib/junit.jar/junit/swingui/TestRunner.class",
               "details": [
                  {
                     "reference": "Method saveHistory",
                     "match": "java.io.FileWriter",
                     "lineNumber": 723
                  }
               ]
            },
            {
               "fileName": "CustomerOrderServices.ear/CustomerOrderServicesWeb-0.1.0-SNAPSHOT.war/dojo/util/shrinksafe/js.jar/org/mozilla/javascript/tools/idswitch/Main.class",
               "details": [
                  {
                     "reference": "Method process_file",
                     "match": "java.io.FileOutputStream",
                     "lineNumber": 112
                  }
               ]
            },
            {
               "fileName": "CustomerOrderServices.ear/CustomerOrderServicesWeb-0.1.0-SNAPSHOT.war/dojo/util/shrinksafe/js.jar/org/mozilla/javascript/tools/jsc/Main.class",
               "details": [
                  {
                     "reference": "Method processSource",
                     "match": "java.io.FileOutputStream",
                     "lineNumber": 293
                  },
                  {
                     "reference": "Method processSource",
                     "match": "java.io.FileOutputStream",
                     "lineNumber": 295
                  },
                  {
                     "reference": "Method processSource",
                     "match": "java.io.FileOutputStream",
                     "lineNumber": 297
                  },
                  {
                     "reference": "Method processSource",
                     "match": "java.io.FileOutputStream",
                     "lineNumber": 304
                  }
               ]
            },
            {
               "fileName": "CustomerOrderServices.ear/CustomerOrderServicesWeb-0.1.0-SNAPSHOT.war/dojo/util/shrinksafe/js.jar/org/mozilla/javascript/tools/shell/Global.class",
               "details": [
                  {
                     "reference": "Method serialize",
                     "match": "java.io.FileOutputStream",
                     "lineNumber": 318
                  },
                  {
                     "reference": "Method serialize",
                     "match": "java.io.FileOutputStream",
                     "lineNumber": 323
                  }
               ]
            }
         ]
      },
      {
         "ruleName": "Validate the URL host and port for cloud access",
         "ruleId": "URLRuleDockerCloud",
         "devCost": "0",
         "instanceCost": "0",
         "severity": "Warning",
         "severityId": "warning",
         "category": "Connectivity considerations for IBM Cloud (Containers and Virtual machines)",
         "categoryId": "appconversion.cloud.category.connectivity.dockerAndWASOnCloud",
         "results": [
            {
               "fileName": "CustomerOrderServices.ear/CustomerOrderServicesTest-0.1.0-SNAPSHOT.war",
               "details": [
                  {
                     "reference": "1",
                     "match": "http://localhost:9080/CustomerOrderServicesTest/",
                     "lineNumber": 0
                  },
                  {
                     "reference": "2",
                     "match": "https://localhost:9443/CustomerOrderServicesWeb/",
                     "lineNumber": 0
                  },
                  {
                     "reference": "2",
                     "match": "jdbc:db2://localhost:50000/ORDERDB",
                     "lineNumber": 0
                  }
               ]
            },
            {
               "fileName": "CustomerOrderServices.ear/CustomerOrderServicesTest-0.1.0-SNAPSHOT.war/WEB-INF/lib/dbunit-2.2.jar",
               "details": [
                  {
                     "reference": "13",
                     "match": "http://www.dbunit.org/properties/datatypeFactory",
                     "lineNumber": 0
                  },
                  {
                     "reference": "2",
                     "match": "http://www.dbunit.org/properties/mssql/identityColumnFilter",
                     "lineNumber": 0
                  },
                  {
                     "reference": "2",
                     "match": "http://www.dbunit.org/properties/primaryKeyFilter",
                     "lineNumber": 0
                  },
                  {
                     "reference": "2",
                     "match": "http://xml.org/sax/properties/declaration-handler",
                     "lineNumber": 0
                  },
                  {
                     "reference": "2",
                     "match": "http://xml.org/sax/properties/lexical-handler",
                     "lineNumber": 0
                  },
                  {
                     "reference": "3",
                     "match": "http://www.dbunit.org/properties/tableType",
                     "lineNumber": 0
                  },
                  {
                     "reference": "4",
                     "match": "http://www.dbunit.org/features/datatypeWarning",
                     "lineNumber": 0
                  },
                  {
                     "reference": "4",
                     "match": "http://www.dbunit.org/features/qualifiedTableNames",
                     "lineNumber": 0
                  },
                  {
                     "reference": "5",
                     "match": "http://www.dbunit.org/properties/escapePattern",
                     "lineNumber": 0
                  },
                  {
                     "reference": "5",
                     "match": "http://www.dbunit.org/properties/statementFactory",
                     "lineNumber": 0
                  },
                  {
                     "reference": "6",
                     "match": "http://www.dbunit.org/properties/resultSetTableFactory",
                     "lineNumber": 0
                  },
                  {
                     "reference": "7",
                     "match": "http://www.dbunit.org/features/batchedStatements",
                     "lineNumber": 0
                  }
               ]
            }
         ]
      }
   ]
}