{
   "report": "inventory",
   "version": "3.0",
   "productVersion": "9.0",
   "productRelease": "21.0.0.1",
   "buildID": "v20210311_2302",
   "options": [
   ],
   "applications": [
      "/opt/IBM/WebSphere/AppServer/profiles/AppSrv01/config/cells/DefaultCell01/applications/CustomerOrderServices.ear/CustomerOrderServices.ear"
   ],
   "sharedLibraries": [
   ],
   "archives": {
      "ears": 1,
      "wars": 2,
      "rars": 0,
      "ejbs": 1,
      "webFragments": 0,
      "utilityJars": 5,
      "appClients": 0
   },
   "summary": {
      "servlets": 2,
      "jsps": 0,
      "jpaEntities": 7,
      "bmpEntityBeans": 0,
      "cmpEntityBeans": 0,
      "messageDrivenBeans": 0,
      "singletonSessionBeans": 0,
      "statefulSessionBeans": 0,
      "statelessSessionBeans": 2,
      "jaxrpcConsumers": 0,
      "jaxrpcProviders": 0,
      "jaxrsConsumers": 0,
      "jaxrsProviders": 3,
      "jaxwsConsumers": 0,
      "jaxwsProviders": 0,
      "springBeans": 0
   },
   "archiveInventory": [
      {
         "archiveName": "/opt/IBM/WebSphere/AppServer/profiles/AppSrv01/config/cells/DefaultCell01/applications/CustomerOrderServices.ear/CustomerOrderServices.ear",
         "moduleType": "Enterprise archive",
         "moduleVersion": "5",
         "metadataComplete": null,
         "moduleSize": 18142933,
         "checksum": "69d179fb295064260838ddae5f35990c53c6ea1efccc4221c8f503a085dff699",
         "archives": {
            "wars": 2,
            "rars": 0,
            "ejbs": 1,
            "utilityJars": 5,
            "appClients": 0
         },
         "summary": {
            "servlets": 2,
            "jsps": 0,
            "jpaEntities": 7,
            "bmpEntityBeans": 0,
            "cmpEntityBeans": 0,
            "messageDrivenBeans": 0,
            "singletonSessionBeans": 0,
            "statefulSessionBeans": 0,
            "statelessSessionBeans": 2,
            "jaxrpcConsumers": 0,
            "jaxrpcProviders": 0,
            "jaxrsConsumers": 0,
            "jaxrsProviders": 3,
            "jaxwsConsumers": 0,
            "jaxwsProviders": 0,
            "springBeans": 0
         },
         "potentialDeploymentProblemsSummary": {
            "archivesContainingDuplicateClasses": 0,
            "archivesContainingJavaEEorSEClasses": 0,
            "archivesContainingConflictingOpenSourceSoftwareClasses": 0,
            "archivesContainingWebSphereClasses": 0,
            "archivesNotReferencedInTheApplication": 3,
            "archivesWithMissingDependenciesInTheApplication": 5,
            "classesWithSystemLevelJVMConfiguration": 0,
            "sharedLibrariesReferencingApplicationClasses": 0
         },
         "potentialDeploymentProblemsDetails": [
            {
               "duplicateClassesWithinClassLoader": [
               ]
            },
            {
               "duplicateClassesAcrossApplication": [
               ]
            },
            {
               "javaEEandSEClasses": [
               ]
            },
            {
               "duplicateWebSphereClasses": [
               ]
            },
            {
               "openSourceSoftwareClasses": [
               ]
            },
            {
               "archivesNotReferenced": [
                  {
                     "archive": "CustomerOrderServicesTest-0.1.0-SNAPSHOT.war/WEB-INF/lib/junitee.jar",
                     "referencedBy": ""
                  },
                  {
                     "archive": "CustomerOrderServicesWeb-0.1.0-SNAPSHOT.war/dojo/util/shrinksafe/js.jar",
                     "referencedBy": "CustomerOrderServicesWeb-0.1.0-SNAPSHOT.war/dojo/util/shrinksafe/shrinksafe.jar"
                  },
                  {
                     "archive": "CustomerOrderServicesWeb-0.1.0-SNAPSHOT.war/dojo/util/shrinksafe/shrinksafe.jar",
                     "referencedBy": ""
                  }
               ]
            },
            {
               "missingDependencies": [
                  {
                     "missingDependencies": [
                        "com.ibm.json.java",
                        "org.codehaus.jackson.jaxrs"
                     ],
                     "archive": [
                        "CustomerOrderServicesTest-0.1.0-SNAPSHOT.war",
                        "CustomerOrderServicesWeb-0.1.0-SNAPSHOT.war"
                     ]
                  },
                  {
                     "missingDependencies": [
                        "org.apache.commons.collections.set",
                        "org.apache.commons.lang.builder",
                        "org.apache.commons.logging",
                        "org.apache.poi.hssf.usermodel",
                        "org.apache.tools.ant",
                        "org.apache.tools.ant.types"
                     ],
                     "archive": [
                        "CustomerOrderServicesTest-0.1.0-SNAPSHOT.war/WEB-INF/lib/dbunit-2.2.jar"
                     ]
                  },
                  {
                     "missingDependencies": [
                        "org.apache.wink.client",
                        "org.apache.wink.client.handlers"
                     ],
                     "archive": [
                        "CustomerOrderServicesTest-0.1.0-SNAPSHOT.war"
                     ]
                  },
                  {
                     "missingDependencies": [
                        "org.apache.xmlbeans"
                     ],
                     "archive": [
                        "CustomerOrderServicesWeb-0.1.0-SNAPSHOT.war/dojo/util/shrinksafe/js.jar"
                     ]
                  },
                  {
                     "missingDependencies": [
                        "org.codehaus.jackson.annotate"
                     ],
                     "archive": [
                        "CustomerOrderServices-0.1.0-SNAPSHOT.jar"
                     ]
                  }
               ]
            },
            {
               "classesWithSystemLevelJVMConfiguration": [
               ]
            },
            {
               "sharedLibraryDependencies": [
               ]
            }
         ],
         "performanceConsiderations": {
            "archivesThatAreCandidatesForMetadataCompleteTrueAttribute": [
            ],
            "webModulesWithExcessiveClassFiles": [
            ],
            "webModulesWithExcessiveStaticResources": [
            ]
         },
         "operationalConsiderations": {
            "deploymentTargets": {
               "nonClusteredServers": [
                  {
                     "name": "server1",
                     "node": "DefaultNode01"
                  }
               ]
            }
         },
         "containedArchiveInventory": [
            {
               "archiveName": "/opt/IBM/WebSphere/AppServer/profiles/AppSrv01/config/cells/DefaultCell01/applications/CustomerOrderServices.ear/CustomerOrderServices.ear/CustomerOrderServices-0.1.0-SNAPSHOT.jar",
               "moduleType": "EJB module",
               "moduleVersion": null,
               "metadataComplete": "Unspecified",
               "checksum": "2bb9f864fa89d3863a81b55b8eca0b54fcf0ff178224ce85898da04c506b4add",
               "summary": {
                  "servlets": 0,
                  "jsps": 0,
                  "jpaEntities": 7,
                  "bmpEntityBeans": 0,
                  "cmpEntityBeans": 0,
                  "messageDrivenBeans": 0,
                  "singletonSessionBeans": 0,
                  "statefulSessionBeans": 0,
                  "statelessSessionBeans": 2,
                  "jaxrpcConsumers": 0,
                  "jaxrpcProviders": 0,
                  "jaxrsConsumers": 0,
                  "jaxrsProviders": 0,
                  "jaxwsConsumers": 0,
                  "jaxwsProviders": 0,
                  "springBeans": 0
               }
            },
            {
               "archiveName": "/opt/IBM/WebSphere/AppServer/profiles/AppSrv01/config/cells/DefaultCell01/applications/CustomerOrderServices.ear/CustomerOrderServices.ear/CustomerOrderServicesTest-0.1.0-SNAPSHOT.war",
               "moduleType": "Web module",
               "moduleVersion": "2.5",
               "metadataComplete": "Unspecified",
               "checksum": "aaea5d559c75ca1711a8cf0b69547cb0c65234f6f8ac118f7da57ba9d3b4eac6",
               "archives": {
                  "ejbs": 0,
                  "webFragments": 0,
                  "utilityJars": 3
               },
               "summary": {
                  "servlets": 1,
                  "jsps": 0,
                  "jpaEntities": 0,
                  "bmpEntityBeans": 0,
                  "cmpEntityBeans": 0,
                  "messageDrivenBeans": 0,
                  "singletonSessionBeans": 0,
                  "statefulSessionBeans": 0,
                  "statelessSessionBeans": 0,
                  "jaxrpcConsumers": 0,
                  "jaxrpcProviders": 0,
                  "jaxrsConsumers": 0,
                  "jaxrsProviders": 0,
                  "jaxwsConsumers": 0,
                  "jaxwsProviders": 0,
                  "springBeans": 0
               },
               "containedArchiveInventory": [
                  {
                     "archiveName": "/opt/IBM/WebSphere/AppServer/profiles/AppSrv01/config/cells/DefaultCell01/applications/CustomerOrderServices.ear/CustomerOrderServices.ear/CustomerOrderServicesTest-0.1.0-SNAPSHOT.war/WEB-INF/lib/dbunit-2.2.jar",
                     "moduleType": "Utility JAR",
                     "checksum": "fb8e445bf35330d357f9c29cb85172f4e0784cf8c13b1116beff6751cc2cadb2",
                     "containedPackages": [
                        "org.dbunit",
                        "org.dbunit.ant",
                        "org.dbunit.database",
                        "org.dbunit.dataset",
                        "org.dbunit.ext",
                        "org.dbunit.operation",
                        "org.dbunit.util"
                     ]
                  },
                  {
                     "archiveName": "/opt/IBM/WebSphere/AppServer/profiles/AppSrv01/config/cells/DefaultCell01/applications/CustomerOrderServices.ear/CustomerOrderServices.ear/CustomerOrderServicesTest-0.1.0-SNAPSHOT.war/WEB-INF/lib/junit.jar",
                     "moduleType": "Utility JAR",
                     "checksum": "0f997bd7f91fe3c8083faf17123c7cfb00900b96fdb1c9069488c9e4016875ac",
                     "containedPackages": [
                        "junit.awtui",
                        "junit.extensions",
                        "junit.framework",
                        "junit.runner",
                        "junit.swingui",
                        "junit.textui"
                     ]
                  },
                  {
                     "archiveName": "/opt/IBM/WebSphere/AppServer/profiles/AppSrv01/config/cells/DefaultCell01/applications/CustomerOrderServices.ear/CustomerOrderServices.ear/CustomerOrderServicesTest-0.1.0-SNAPSHOT.war/WEB-INF/lib/junitee.jar",
                     "moduleType": "Utility JAR",
                     "checksum": "5d350de135df2b0728cc94bfaab33ccd6074448d97b7bbe28a23c7b5c3a82cef",
                     "containedPackages": [
                        "junit.htmlui",
                        "org.junitee.output",
                        "org.junitee.runner",
                        "org.junitee.servlet",
                        "org.junitee.util"
                     ]
                  }
               ]
            },
            {
               "archiveName": "/opt/IBM/WebSphere/AppServer/profiles/AppSrv01/config/cells/DefaultCell01/applications/CustomerOrderServices.ear/CustomerOrderServices.ear/CustomerOrderServicesWeb-0.1.0-SNAPSHOT.war",
               "moduleType": "Web module",
               "moduleVersion": "3.0",
               "metadataComplete": "Unspecified",
               "checksum": "8be8a537dfa549241eceb6d7c0da8a3b530f5148c96bafec2caa73452fe11dce",
               "archives": {
                  "ejbs": 0,
                  "webFragments": 0,
                  "utilityJars": 2
               },
               "summary": {
                  "servlets": 1,
                  "jsps": 0,
                  "jpaEntities": 0,
                  "bmpEntityBeans": 0,
                  "cmpEntityBeans": 0,
                  "messageDrivenBeans": 0,
                  "singletonSessionBeans": 0,
                  "statefulSessionBeans": 0,
                  "statelessSessionBeans": 0,
                  "jaxrpcConsumers": 0,
                  "jaxrpcProviders": 0,
                  "jaxrsConsumers": 0,
                  "jaxrsProviders": 3,
                  "jaxwsConsumers": 0,
                  "jaxwsProviders": 0,
                  "springBeans": 0
               },
               "containedArchiveInventory": [
                  {
                     "archiveName": "/opt/IBM/WebSphere/AppServer/profiles/AppSrv01/config/cells/DefaultCell01/applications/CustomerOrderServices.ear/CustomerOrderServices.ear/CustomerOrderServicesWeb-0.1.0-SNAPSHOT.war/dojo/util/shrinksafe/js.jar",
                     "moduleType": "Utility JAR",
                     "checksum": "64651dd70ff8f5ae979ba13d2afb9113646ae86398bb4e70f2d3f6e43025192a",
                     "containedPackages": [
                        "org.mozilla.classfile",
                        "org.mozilla.javascript"
                     ]
                  },
                  {
                     "archiveName": "/opt/IBM/WebSphere/AppServer/profiles/AppSrv01/config/cells/DefaultCell01/applications/CustomerOrderServices.ear/CustomerOrderServices.ear/CustomerOrderServicesWeb-0.1.0-SNAPSHOT.war/dojo/util/shrinksafe/shrinksafe.jar",
                     "moduleType": "Utility JAR",
                     "checksum": "274ef4178cc4fe3277819cbf20b0927ae189ee4bb36813ea17960aaaa8af2d2e",
                     "containedPackages": [
                        "org.dojotoolkit.shrinksafe"
                     ]
                  }
               ]
            }
         ]
      }
   ],
   "sharedLibraryDetails": [
   ]
}