{
   "report": "analysis",
   "version": "1.2",
   "productVersion": "9.0",
   "productRelease": "21.0.0.1",
   "buildID": "v20210311_2302",
   "options": [
      "--sourceAppServer=was90",
      "--sourceJava=ibm8",
      "--targetAppServer=was90",
      "--targetJava=ibm8",
      "--targetCloud=containers"
   ],
   "totalRulesFlagged": 10,
   "filesAffected": 23,
   "totalResults": 39,
   "severitySummary": [
      {
         "severity": "Warning",
         "severityId": "warning",
         "totalRulesFlagged": 10,
         "totalResults": 39
      }
   ],
   "applications": [
      "/opt/IBM/WebSphere/AppServer/profiles/AppSrv01/config/cells/DefaultCell01/applications/DayTrader3.ear/DayTrader3.ear"
   ],
   "rules": [
      {
         "ruleName": "Databases",
         "ruleId": "DatabasesSQLRule",
         "devCost": "0",
         "instanceCost": "0",
         "severity": "Warning",
         "severityId": "warning",
         "category": "Technology connectivity considerations for IBM Cloud",
         "categoryId": "appconversion.cloud.category.technology.connectivity",
         "results": [
            {
               "fileName": "DayTrader3.ear/daytrader-ee7-ejb.jar/com/ibm/websphere/samples/daytrader/beans/MarketSummaryDataBean.class",
               "details": [
                  {
                     "reference": "Constructor",
                     "match": "java.sql",
                     "lineNumber": 65
                  }
               ]
            },
            {
               "fileName": "DayTrader3.ear/daytrader-ee7-ejb.jar/com/ibm/websphere/samples/daytrader/ejb3/MarketSummarySingleton.class",
               "details": [
                  {
                     "reference": "Field annotation entityManager",
                     "match": "javax.persistence",
                     "lineNumber": 0
                  }
               ]
            },
            {
               "fileName": "DayTrader3.ear/daytrader-ee7-web.war/WEB-INF/classes/com/ibm/websphere/samples/daytrader/web/prims/PingServlet2DB.class",
               "details": [
                  {
                     "reference": "Method doGet",
                     "match": "java.sql",
                     "lineNumber": 78
                  }
               ]
            },
            {
               "fileName": "DayTrader3.ear/daytrader-ee7-web.war/WEB-INF/classes/com/ibm/websphere/samples/daytrader/web/prims/ejb3/PingServlet2Entity.class",
               "details": [
                  {
                     "reference": "Field annotation em",
                     "match": "javax.persistence",
                     "lineNumber": 0
                  }
               ]
            },
            {
               "fileName": "DayTrader3.ear/daytrader-ee7-web.war/WEB-INF/lib/standard-1.1.1.jar/org/apache/taglibs/standard/tag/common/sql/DataSourceUtil.class",
               "details": [
                  {
                     "reference": "Method getDataSource",
                     "match": "javax.sql",
                     "lineNumber": 73
                  }
               ]
            }
         ],
         "referencedClasses": [
            {
               "class": "java.sql.Connection",
               "total": 373
            },
            {
               "class": "java.sql.DatabaseMetaData",
               "total": 3
            },
            {
               "class": "java.sql.Date",
               "total": 5
            },
            {
               "class": "java.sql.DriverManager",
               "total": 2
            },
            {
               "class": "java.sql.PreparedStatement",
               "total": 316
            },
            {
               "class": "java.sql.ResultSet",
               "total": 170
            },
            {
               "class": "java.sql.ResultSetMetaData",
               "total": 4
            },
            {
               "class": "java.sql.SQLException",
               "total": 45
            },
            {
               "class": "java.sql.Statement",
               "total": 4
            },
            {
               "class": "java.sql.Time",
               "total": 3
            },
            {
               "class": "java.sql.Timestamp",
               "total": 44
            },
            {
               "class": "javax.sql.DataSource",
               "total": 29
            }
         ]
      },
      {
         "ruleName": "Do not start unmanaged threads within the web or EJB container",
         "ruleId": "CreateThreadMethodsInWebOrEjbProject",
         "devCost": "0",
         "instanceCost": "0",
         "severity": "Warning",
         "severityId": "warning",
         "category": "All application servers",
         "categoryId": "com.ibm.ws.appconversion.all.category",
         "results": [
            {
               "fileName": "DayTrader3.ear/daytrader-ee7-ejb.jar/com/ibm/websphere/samples/daytrader/direct/TradeDirect.class",
               "details": [
                  {
                     "reference": "Method queueOrder",
                     "match": "java.lang.Thread.start(*)",
                     "lineNumber": 396
                  }
               ]
            },
            {
               "fileName": "DayTrader3.ear/daytrader-ee7-ejb.jar/com/ibm/websphere/samples/daytrader/ejb3/TradeSLSBBean.class",
               "details": [
                  {
                     "reference": "Method queueOrder",
                     "match": "java.lang.Thread.start(*)",
                     "lineNumber": 233
                  }
               ]
            },
            {
               "fileName": "DayTrader3.ear/daytrader-ee7-web.war/WEB-INF/classes/com/ibm/websphere/samples/daytrader/web/prims/PingManagedThread.class",
               "details": [
                  {
                     "reference": "Method doGet",
                     "match": "java.lang.Thread.start(*)",
                     "lineNumber": 91
                  }
               ]
            },
            {
               "fileName": "DayTrader3.ear/daytrader-ee7-web.war/WEB-INF/classes/com/ibm/websphere/samples/daytrader/web/prims/PingWebSocketJson.class",
               "details": [
                  {
                     "reference": "Method onOpen",
                     "match": "java.lang.Thread.start(*)",
                     "lineNumber": 93
                  }
               ]
            }
         ]
      },
      {
         "ruleName": "Handling application configuration in Docker containers",
         "ruleId": "DetectPropertiesFiles",
         "devCost": "0",
         "instanceCost": "0",
         "severity": "Warning",
         "severityId": "warning",
         "category": "Containers (OpenShift, Kubernetes)",
         "categoryId": "appconversion.cloud.category.docker",
         "results": [
            {
               "fileName": "DayTrader3.ear/daytrader-ee7-web.war/WEB-INF/classes/build.properties",
               "details": [
                  {
                     "reference": null,
                     "match": "(.*)?\\.properties",
                     "lineNumber": 0
                  }
               ]
            },
            {
               "fileName": "DayTrader3.ear/daytrader-ee7-web.war/WEB-INF/classes/com/ibm/websphere/samples/daytrader/web/TradeWebContextListener.class",
               "details": [
                  {
                     "reference": "Method contextInitialized",
                     "match": "java.util.Properties.load(*)",
                     "lineNumber": 43
                  }
               ]
            },
            {
               "fileName": "DayTrader3.ear/daytrader-ee7-web.war/WEB-INF/lib/standard-1.1.1.jar/org/apache/taglibs/standard/lang/jstl/Resources.properties",
               "details": [
                  {
                     "reference": null,
                     "match": "(.*)?\\.properties",
                     "lineNumber": 0
                  }
               ]
            },
            {
               "fileName": "DayTrader3.ear/daytrader-ee7-web.war/WEB-INF/lib/standard-1.1.1.jar/org/apache/taglibs/standard/resources/Resources.properties",
               "details": [
                  {
                     "reference": null,
                     "match": "(.*)?\\.properties",
                     "lineNumber": 0
                  }
               ]
            },
            {
               "fileName": "DayTrader3.ear/daytrader-ee7-web.war/properties/daytrader.properties",
               "details": [
                  {
                     "reference": null,
                     "match": "(.*)?\\.properties",
                     "lineNumber": 0
                  }
               ]
            }
         ]
      },
      {
         "ruleName": "Java EE security",
         "ruleId": "ApplicationSecurityRule",
         "devCost": "0",
         "instanceCost": "0",
         "severity": "Warning",
         "severityId": "warning",
         "category": "Technology connectivity considerations for IBM Cloud",
         "categoryId": "appconversion.cloud.category.technology.connectivity",
         "results": [
            {
               "fileName": "DayTrader3.ear/daytrader-ee7-ejb.jar/META-INF/ejb-jar.xml",
               "details": [
                  {
                     "reference": null,
                     "match": "method-permission",
                     "lineNumber": 41
                  }
               ]
            },
            {
               "fileName": "DayTrader3.ear/daytrader-ee7-web.war/WEB-INF/web.xml",
               "details": [
                  {
                     "reference": null,
                     "match": "security-constraint",
                     "lineNumber": 169
                  }
               ]
            }
         ]
      },
      {
         "ruleName": "Java Message Service (JMS)",
         "ruleId": "JMSRule",
         "devCost": "0",
         "instanceCost": "0",
         "severity": "Warning",
         "severityId": "warning",
         "category": "Technology connectivity considerations for IBM Cloud (not Liberty Core)",
         "categoryId": "appconversion.cloud.category.technology.connectivity.noLibertyCore",
         "results": [
            {
               "fileName": "DayTrader3.ear/daytrader-ee7-ejb.jar/com/ibm/websphere/samples/daytrader/direct/TradeDirect.class",
               "details": [
                  {
                     "reference": "Field qConnFactory",
                     "match": "javax.jms.ConnectionFactory",
                     "lineNumber": 0
                  }
               ]
            },
            {
               "fileName": "DayTrader3.ear/daytrader-ee7-web.war/WEB-INF/classes/com/ibm/websphere/samples/daytrader/web/prims/ejb3/PingServlet2MDBQueue.class",
               "details": [
                  {
                     "reference": "Field queueConnectionFactory",
                     "match": "javax.jms.ConnectionFactory",
                     "lineNumber": 0
                  }
               ]
            }
         ]
      },
      {
         "ruleName": "Managing data inside and between Docker containers",
         "ruleId": "FileSystemRule",
         "devCost": "0",
         "instanceCost": "0",
         "severity": "Warning",
         "severityId": "warning",
         "category": "Containers (OpenShift, Kubernetes)",
         "categoryId": "appconversion.cloud.category.docker",
         "results": [
            {
               "fileName": "DayTrader3.ear/daytrader-ee7-web.war/WEB-INF/lib/standard-1.1.1.jar/org/apache/taglibs/standard/lang/jstl/test/EvaluationTest.class",
               "details": [
                  {
                     "reference": "Method runTests",
                     "match": "java.io.FileOutputStream",
                     "lineNumber": 179
                  },
                  {
                     "reference": "Method runTests",
                     "match": "java.io.FileOutputStream",
                     "lineNumber": 189
                  },
                  {
                     "reference": "Method runTests",
                     "match": "java.io.FileOutputStream",
                     "lineNumber": 198
                  }
               ]
            },
            {
               "fileName": "DayTrader3.ear/daytrader-ee7-web.war/WEB-INF/lib/standard-1.1.1.jar/org/apache/taglibs/standard/lang/jstl/test/ParserTest.class",
               "details": [
                  {
                     "reference": "Method runTests",
                     "match": "java.io.FileOutputStream",
                     "lineNumber": 124
                  },
                  {
                     "reference": "Method runTests",
                     "match": "java.io.FileOutputStream",
                     "lineNumber": 134
                  },
                  {
                     "reference": "Method runTests",
                     "match": "java.io.FileOutputStream",
                     "lineNumber": 143
                  }
               ]
            }
         ]
      },
      {
         "ruleName": "Message-Driven Beans (MDB)",
         "ruleId": "MDBRule",
         "devCost": "0",
         "instanceCost": "0",
         "severity": "Warning",
         "severityId": "warning",
         "category": "Technology connectivity considerations for IBM Cloud (not Liberty Core)",
         "categoryId": "appconversion.cloud.category.technology.connectivity.noLibertyCore",
         "results": [
            {
               "fileName": "DayTrader3.ear/daytrader-ee7-ejb.jar/com/ibm/websphere/samples/daytrader/ejb3/DTBroker3MDB.class",
               "details": [
                  {
                     "reference": "Class annotation",
                     "match": "javax.ejb.ActivationConfigProperty",
                     "lineNumber": 0
                  }
               ]
            }
         ]
      },
      {
         "ruleName": "Remote EJB lookups",
         "ruleId": "RemoteEJBLookupsRule",
         "devCost": "0",
         "instanceCost": "0",
         "severity": "Warning",
         "severityId": "warning",
         "category": "Technology connectivity considerations for IBM Cloud (not Liberty Core)",
         "categoryId": "appconversion.cloud.category.technology.connectivity.noLibertyCore",
         "results": [
            {
               "fileName": "DayTrader3.ear/daytrader-ee7-web.war/WEB-INF/web.xml",
               "details": [
                  {
                     "reference": null,
                     "match": "home",
                     "lineNumber": 72
                  }
               ]
            }
         ]
      },
      {
         "ruleName": "Remote EJB providers",
         "ruleId": "RemoteEJBProvidersRule",
         "devCost": "0",
         "instanceCost": "0",
         "severity": "Warning",
         "severityId": "warning",
         "category": "Technology connectivity considerations for IBM Cloud (not Liberty Core)",
         "categoryId": "appconversion.cloud.category.technology.connectivity.noLibertyCore",
         "results": [
            {
               "fileName": "DayTrader3.ear/daytrader-ee7-ejb.jar/com/ibm/websphere/samples/daytrader/ejb3/TradeSLSBRemote.class",
               "details": [
                  {
                     "reference": "Interface annotation",
                     "match": "javax.ejb.Remote",
                     "lineNumber": 0
                  }
               ]
            }
         ]
      },
      {
         "ruleName": "Validate the URL host and port for cloud access",
         "ruleId": "URLRuleDockerCloud",
         "devCost": "0",
         "instanceCost": "0",
         "severity": "Warning",
         "severityId": "warning",
         "category": "Connectivity considerations for IBM Cloud (Containers and Virtual machines)",
         "categoryId": "appconversion.cloud.category.connectivity.dockerAndWASOnCloud",
         "results": [
            {
               "fileName": "DayTrader3.ear/daytrader-ee7-web.war",
               "details": [
                  {
                     "reference": "1",
                     "match": "http://localhost:9080/daytrader/WAS_V7_64-bit_performance.pdf",
                     "lineNumber": 0
                  }
               ]
            },
            {
               "fileName": "DayTrader3.ear/daytrader-ee7-web.war/WEB-INF/lib/standard-1.1.1.jar",
               "details": [
                  {
                     "reference": "1",
                     "match": "http://java.sun.com/jstl",
                     "lineNumber": 0
                  },
                  {
                     "reference": "1",
                     "match": "http://javax.xml.transform.sax.SAXTransformerFactory/feature",
                     "lineNumber": 0
                  },
                  {
                     "reference": "3",
                     "match": "http://java.sun.com/jstl/xpath/app",
                     "lineNumber": 0
                  },
                  {
                     "reference": "3",
                     "match": "http://java.sun.com/jstl/xpath/cookie",
                     "lineNumber": 0
                  },
                  {
                     "reference": "3",
                     "match": "http://java.sun.com/jstl/xpath/header",
                     "lineNumber": 0
                  },
                  {
                     "reference": "3",
                     "match": "http://java.sun.com/jstl/xpath/initParam",
                     "lineNumber": 0
                  },
                  {
                     "reference": "3",
                     "match": "http://java.sun.com/jstl/xpath/page",
                     "lineNumber": 0
                  },
                  {
                     "reference": "3",
                     "match": "http://java.sun.com/jstl/xpath/param",
                     "lineNumber": 0
                  },
                  {
                     "reference": "3",
                     "match": "http://java.sun.com/jstl/xpath/request",
                     "lineNumber": 0
                  },
                  {
                     "reference": "3",
                     "match": "http://java.sun.com/jstl/xpath/session",
                     "lineNumber": 0
                  },
                  {
                     "reference": "7",
                     "match": "http://java.sun.com/JSP/Page",
                     "lineNumber": 0
                  }
               ]
            }
         ]
      }
   ]
}