{
   "report": "inventory",
   "version": "3.0",
   "productVersion": "9.0",
   "productRelease": "21.0.0.1",
   "buildID": "v20210311_2302",
   "options": [
   ],
   "applications": [
      "/opt/IBM/WebSphere/AppServer/profiles/AppSrv01/config/cells/DefaultCell01/applications/DayTrader3.ear/DayTrader3.ear"
   ],
   "sharedLibraries": [
   ],
   "archives": {
      "ears": 1,
      "wars": 1,
      "rars": 0,
      "ejbs": 1,
      "webFragments": 0,
      "utilityJars": 1,
      "appClients": 0
   },
   "summary": {
      "servlets": 45,
      "jsps": 24,
      "jpaEntities": 5,
      "bmpEntityBeans": 0,
      "cmpEntityBeans": 0,
      "messageDrivenBeans": 2,
      "singletonSessionBeans": 1,
      "statefulSessionBeans": 1,
      "statelessSessionBeans": 1,
      "jaxrpcConsumers": 0,
      "jaxrpcProviders": 0,
      "jaxrsConsumers": 0,
      "jaxrsProviders": 0,
      "jaxwsConsumers": 0,
      "jaxwsProviders": 0,
      "springBeans": 0
   },
   "archiveInventory": [
      {
         "archiveName": "/opt/IBM/WebSphere/AppServer/profiles/AppSrv01/config/cells/DefaultCell01/applications/DayTrader3.ear/DayTrader3.ear",
         "moduleType": "Enterprise archive",
         "moduleVersion": "7",
         "metadataComplete": null,
         "moduleSize": 1948316,
         "checksum": "5b909534b85c9fd1f57f14acff23df8a88097a6542f8a567893e15235f320ac7",
         "archives": {
            "wars": 1,
            "rars": 0,
            "ejbs": 1,
            "utilityJars": 1,
            "appClients": 0
         },
         "summary": {
            "servlets": 45,
            "jsps": 24,
            "jpaEntities": 5,
            "bmpEntityBeans": 0,
            "cmpEntityBeans": 0,
            "messageDrivenBeans": 2,
            "singletonSessionBeans": 1,
            "statefulSessionBeans": 1,
            "statelessSessionBeans": 1,
            "jaxrpcConsumers": 0,
            "jaxrpcProviders": 0,
            "jaxrsConsumers": 0,
            "jaxrsProviders": 0,
            "jaxwsConsumers": 0,
            "jaxwsProviders": 0,
            "springBeans": 0
         },
         "potentialDeploymentProblemsSummary": {
            "archivesContainingDuplicateClasses": 0,
            "archivesContainingJavaEEorSEClasses": 0,
            "archivesContainingConflictingOpenSourceSoftwareClasses": 1,
            "archivesContainingWebSphereClasses": 0,
            "archivesNotReferencedInTheApplication": 1,
            "archivesWithMissingDependenciesInTheApplication": 1,
            "classesWithSystemLevelJVMConfiguration": 0,
            "sharedLibrariesReferencingApplicationClasses": 0
         },
         "potentialDeploymentProblemsDetails": [
            {
               "duplicateClassesWithinClassLoader": [
               ]
            },
            {
               "duplicateClassesAcrossApplication": [
               ]
            },
            {
               "javaEEandSEClasses": [
               ]
            },
            {
               "duplicateWebSphereClasses": [
               ]
            },
            {
               "openSourceSoftwareClasses": [
                  {
                     "conflictingPackages": [
                        "org.apache.taglibs.standard",
                        "org.apache.taglibs.standard.extra.spath",
                        "org.apache.taglibs.standard.functions",
                        "org.apache.taglibs.standard.lang.jstl",
                        "org.apache.taglibs.standard.lang.jstl.parser",
                        "org.apache.taglibs.standard.lang.jstl.test",
                        "org.apache.taglibs.standard.lang.jstl.test.beans",
                        "org.apache.taglibs.standard.lang.support",
                        "org.apache.taglibs.standard.resources",
                        "org.apache.taglibs.standard.tag.common.core",
                        "org.apache.taglibs.standard.tag.common.fmt",
                        "org.apache.taglibs.standard.tag.common.sql",
                        "org.apache.taglibs.standard.tag.common.xml",
                        "org.apache.taglibs.standard.tag.el.core",
                        "org.apache.taglibs.standard.tag.el.fmt",
                        "org.apache.taglibs.standard.tag.el.sql",
                        "org.apache.taglibs.standard.tag.el.xml",
                        "org.apache.taglibs.standard.tag.rt.core",
                        "org.apache.taglibs.standard.tag.rt.fmt",
                        "org.apache.taglibs.standard.tag.rt.sql",
                        "org.apache.taglibs.standard.tag.rt.xml",
                        "org.apache.taglibs.standard.tei",
                        "org.apache.taglibs.standard.tlv"
                     ],
                     "packageLocation": [
                        "daytrader-ee7-web.war/WEB-INF/lib/standard-1.1.1.jar"
                     ],
                     "appliesTo": [
                        "V8.5.5",
                        "V9.0",
                        "Liberty"
                     ]
                  }
               ]
            },
            {
               "archivesNotReferenced": [
                  {
                     "archive": "daytrader-ee7-web.war/WEB-INF/lib/standard-1.1.1.jar",
                     "referencedBy": ""
                  }
               ]
            },
            {
               "missingDependencies": [
                  {
                     "missingDependencies": [
                        "org.apache.xalan.serialize",
                        "org.apache.xalan.templates",
                        "org.apache.xml.utils",
                        "org.apache.xpath",
                        "org.apache.xpath.objects"
                     ],
                     "archive": [
                        "daytrader-ee7-web.war/WEB-INF/lib/standard-1.1.1.jar"
                     ]
                  }
               ]
            },
            {
               "classesWithSystemLevelJVMConfiguration": [
               ]
            },
            {
               "sharedLibraryDependencies": [
               ]
            }
         ],
         "performanceConsiderations": {
            "archivesThatAreCandidatesForMetadataCompleteTrueAttribute": [
            ],
            "webModulesWithExcessiveClassFiles": [
            ],
            "webModulesWithExcessiveStaticResources": [
            ]
         },
         "operationalConsiderations": {
            "deploymentTargets": {
               "nonClusteredServers": [
                  {
                     "name": "server1",
                     "node": "DefaultNode01"
                  }
               ]
            }
         },
         "containedArchiveInventory": [
            {
               "archiveName": "/opt/IBM/WebSphere/AppServer/profiles/AppSrv01/config/cells/DefaultCell01/applications/DayTrader3.ear/DayTrader3.ear/daytrader-ee7-ejb.jar",
               "moduleType": "EJB module",
               "moduleVersion": "3.2",
               "metadataComplete": "Unspecified",
               "checksum": "1dc706e077708d0356116ad48820b6e97c877ec578d8afcdab9b00b358b14e99",
               "summary": {
                  "servlets": 0,
                  "jsps": 0,
                  "jpaEntities": 5,
                  "bmpEntityBeans": 0,
                  "cmpEntityBeans": 0,
                  "messageDrivenBeans": 2,
                  "singletonSessionBeans": 1,
                  "statefulSessionBeans": 0,
                  "statelessSessionBeans": 1,
                  "jaxrpcConsumers": 0,
                  "jaxrpcProviders": 0,
                  "jaxrsConsumers": 0,
                  "jaxrsProviders": 0,
                  "jaxwsConsumers": 0,
                  "jaxwsProviders": 0,
                  "springBeans": 0
               }
            },
            {
               "archiveName": "/opt/IBM/WebSphere/AppServer/profiles/AppSrv01/config/cells/DefaultCell01/applications/DayTrader3.ear/DayTrader3.ear/daytrader-ee7-web.war",
               "moduleType": "Web module",
               "moduleVersion": "3.1",
               "metadataComplete": "Unspecified",
               "checksum": "3e0d01b76596979fa6886303db267849740ca46e30d0c98c2943abb5b90335a9",
               "archives": {
                  "ejbs": 0,
                  "webFragments": 0,
                  "utilityJars": 1
               },
               "summary": {
                  "servlets": 45,
                  "jsps": 24,
                  "jpaEntities": 0,
                  "bmpEntityBeans": 0,
                  "cmpEntityBeans": 0,
                  "messageDrivenBeans": 0,
                  "singletonSessionBeans": 0,
                  "statefulSessionBeans": 1,
                  "statelessSessionBeans": 0,
                  "jaxrpcConsumers": 0,
                  "jaxrpcProviders": 0,
                  "jaxrsConsumers": 0,
                  "jaxrsProviders": 0,
                  "jaxwsConsumers": 0,
                  "jaxwsProviders": 0,
                  "springBeans": 0
               },
               "containedArchiveInventory": [
                  {
                     "archiveName": "/opt/IBM/WebSphere/AppServer/profiles/AppSrv01/config/cells/DefaultCell01/applications/DayTrader3.ear/DayTrader3.ear/daytrader-ee7-web.war/WEB-INF/lib/standard-1.1.1.jar",
                     "moduleType": "Utility JAR",
                     "checksum": "5d8fdcd72ae5b986c46a9fa7c595342c643842025096e29bd3da96ad5548d7ae",
                     "containedPackages": [
                        "org.apache.taglibs"
                     ]
                  }
               ]
            }
         ]
      }
   ],
   "sharedLibraryDetails": [
   ]
}