<?xml version="1.0" encoding="UTF-8"?><server description="Configuration generated by binaryAppScanner">
    <featureManager>
        <!--The following features are available in Open Liberty.-->
        <feature>appSecurity-2.0</feature>
        <feature>beanValidation-1.1</feature>
        <feature>cdi-1.2</feature>
        <feature>concurrent-1.0</feature>
        <feature>ejbLite-3.2</feature>
        <feature>ejbPersistentTimer-3.2</feature>
        <feature>ejbRemote-3.2</feature>
        <feature>jdbc-4.1</feature>
        <feature>jms-2.0</feature>
        <feature>jndi-1.0</feature>
        <feature>jpa-2.1</feature>
        <feature>jsf-2.2</feature>
        <feature>jsonp-1.0</feature>
        <feature>jsp-2.3</feature>
        <feature>ldapRegistry-3.0</feature>
        <feature>mdb-3.2</feature>
        <feature>servlet-3.1</feature>
        <feature>websocket-1.1</feature>
    </featureManager>

    <!-- This configuration was migrated on 5/3/21 at 9:51:13 PM from the following location: /opt/IBM/WebSphere/AppServer/profiles/AppSrv01 -->
    <!-- The binary scanner does not support the migration of all WebSphere traditional configuration elements. Check the binary scanner documentation for the list of supported configuration elements. -->
    <applicationManager autoExpand="true"/>

    <httpEndpoint host="${httpEndpoint_host_1}" httpPort="${httpEndpoint_port_1}" httpsPort="${httpEndpoint_secure_port_1}" id="defaultHttpEndpoint"/>

    <!-- Some or all of the bindings that are migrated for this application might exist in the application archive. If so, the duplicate bindings can be removed from this server.xml file. Any binding configuration that is specified in this server.xml file takes precedence over the corresponding binding configuration in the application archive. -->
    <enterpriseApplication location="DayTrader3.ear">
        <web-ext context-root="/daytrader" moduleName="daytrader-ee7-web"/>
        <ejb-jar-bnd moduleName="daytrader-ee7-ejb">
            <message-driven name="DTBroker3MDB">
                <jca-adapter activation-spec-binding-name="eis/TradeBrokerMDB" destination-binding-name="jms/TradeBrokerQueue"/>
            </message-driven>
            <message-driven name="DTStreamer3MDB">
                <jca-adapter activation-spec-binding-name="eis/TradeStreamerMDB" destination-binding-name="jms/TradeStreamerTopic"/>
            </message-driven>
        </ejb-jar-bnd>
        <application-bnd>
            <security-role name="testing"/>
            <security-role name="AllAuthenticated"/>
            <security-role name="grp1">
                <group access-id="group:defaultWIMFileBasedRealm/cn=WAS Admins,ou=groups,o=coconuts" name="WAS Admins"/>
            </security-role>
            <security-role name="grp2">
                <group access-id="group:defaultWIMFileBasedRealm/cn=WAS Admins,ou=groups,o=coconuts" name="WAS Admins"/>
            </security-role>
            <security-role name="grp3"/>
            <security-role name="grp4"/>
            <security-role name="grp5"/>
            <security-role name="webSecOnly"/>
        </application-bnd>
    </enterpriseApplication>

    <authData id="TradeAdminAuthData" password="${TradeAdminAuthData_password_1}" user="${TradeAdminAuthData_user_1}"/>

    <authData id="TradeDataSourceAuthData" password="${TradeDataSourceAuthData_password_1}" user="${TradeDataSourceAuthData_user_1}"/>

    <jdbcDriver id="DB2_Universal_JDBC_Driver_Provider_Only">
        <library>
            <file name="/was/db2jars/db2jcc.jar"/>
            <file name="/was/db2jars/db2jcc_license_cu.jar"/>
        </library>
    </jdbcDriver>

    <dataSource beginTranForResultSetScrollingAPIs="false" beginTranForVendorAPIs="false" containerAuthDataRef="TradeDataSourceAuthData" id="TradeDataSource" jdbcDriverRef="DB2_Universal_JDBC_Driver_Provider_Only" jndiName="jdbc/TradeDataSource" type="javax.sql.ConnectionPoolDataSource">
        <properties.db2.jcc databaseName="${TradeDataSource_databaseName_1}" driverType="4" name="TradeDataSource" portNumber="${TradeDataSource_portNumber_1}" retrieveMessagesFromServerOnGetMessage="true" serverName="${TradeDataSource_serverName_1}"/>
        <connectionManager connectionTimeout="180" minPoolSize="10"/>
    </dataSource>

    <jmsActivationSpec id="eis/TradeBrokerMDB">
        <properties.mqJmsRa brokerCCDurSubQueue="SYSTEM.JMS.D.CC.SUBSCRIBER.QUEUE" brokerCCSubQueue="SYSTEM.JMS.ND.CC.SUBSCRIBER.QUEUE" brokerControlQueue="SYSTEM.BROKER.CONTROL.QUEUE" brokerSubQueue="SYSTEM.JMS.ND.SUBSCRIBER.QUEUE" brokerVersion="1" channel="${TradeBrokerMQMDB_channel_1}" cleanupInterval="3600000" destination="jms/TradeBrokerQueue" hostName="${TradeBrokerMQMDB_hostName_1}" poolTimeout="300000" port="${TradeBrokerMQMDB_port_1}" queueManager="${TradeBrokerMQMDB_queueManager_1}" sparseSubscriptions="FALSE" subscriptionDurability="Nondurable" subscriptionStore="MIGRATE" transportType="BINDINGS_THEN_CLIENT" useJNDI="true"/>
    </jmsActivationSpec>

    <jmsActivationSpec id="eis/TradeStreamerMDB">
        <properties.mqJmsRa brokerCCDurSubQueue="SYSTEM.JMS.D.CC.SUBSCRIBER.QUEUE" brokerCCSubQueue="SYSTEM.JMS.ND.CC.SUBSCRIBER.QUEUE" brokerControlQueue="SYSTEM.BROKER.CONTROL.QUEUE" brokerSubQueue="SYSTEM.JMS.ND.SUBSCRIBER.QUEUE" brokerVersion="1" channel="${TradeStreamerMQMDB_channel_1}" cleanupInterval="3600000" destination="jms/TradeStreamerTopic" destinationType="javax.jms.Topic" hostName="${TradeStreamerMQMDB_hostName_1}" poolTimeout="300000" port="${TradeStreamerMQMDB_port_1}" queueManager="${TradeStreamerMQMDB_queueManager_1}" sparseSubscriptions="FALSE" subscriptionDurability="Nondurable" subscriptionStore="MIGRATE" transportType="BINDINGS_THEN_CLIENT" useJNDI="true"/>
    </jmsActivationSpec>

    <jmsQueueConnectionFactory id="TradeBrokerMQQCF" jndiName="jms/TradeBrokerQCF">
        <properties.mqJmsRa channel="${TradeBrokerMQQCF_channel_1}" hostName="${TradeBrokerMQQCF_host_1}" queueManager="${TradeBrokerMQQCF_queueManager_1}" temporaryModel="SYSTEM.DEFAULT.MODEL.QUEUE"/>
    </jmsQueueConnectionFactory>

    <jmsTopicConnectionFactory id="TradeStreamerMQTCF" jndiName="jms/TradeStreamerTCF">
        <properties.mqJmsRa brokerCCSubQueue="SYSTEM.JMS.ND.CC.SUBSCRIBER.QUEUE" brokerControlQueue="SYSTEM.BROKER.CONTROL.QUEUE" brokerPubQueue="SYSTEM.BROKER.DEFAULT.STREAM" brokerSubQueue="SYSTEM.JMS.ND.SUBSCRIBER.QUEUE" channel="${TradeStreamerMQTCF_channel_1}" cleanupInterval="3600000" clientId="${TradeStreamerMQTCF_clientID_1}" hostName="${TradeStreamerMQTCF_host_1}" queueManager="${TradeStreamerMQTCF_queueManager_1}" subscriptionStore="MIGRATE"/>
    </jmsTopicConnectionFactory>

    <jmsQueue id="TradeBrokerMQQueue" jndiName="jms/TradeBrokerQueue">
        <properties.mqJmsRa baseQueueName="${TradeBrokerMQQueue_baseQueueName_1}"/>
    </jmsQueue>

    <jmsTopic id="TradeStreamerMQTopic" jndiName="jms/TradeStreamerTopic">
        <properties.mqJmsRa baseTopicName="${TradeStreamerMQTopic_baseTopicName_1}"/>
    </jmsTopic>

    <ldapRegistry baseDN="${ldapRegistry_baseDN_1}" bindDN="${ldapRegistry_bindDN_1}" bindPassword="${ldapRegistry_bindPassword_1}" connectTimeout="20s" host="${ldapRegistry_host_1}" id="virmire" ldapType="Custom" port="${ldapRegistry_port_1}" readTimeout="20s">
        <ldapEntityType name="Group">
            <objectClass>groupOfUniqueNames</objectClass>
            <objectClass>groupOfNames</objectClass>
        </ldapEntityType>
        <groupProperties>
            <memberAttribute name="member" objectClass="groupOfNames" scope="direct"/>
        </groupProperties>
    </ldapRegistry>

    <ldapRegistry baseDN="${ldapRegistry_baseDN_2}" connectTimeout="20s" host="${ldapRegistry_host_2}" id="LDAP2" ldapType="IBM Tivoli Directory Server" port="${ldapRegistry_port_2}" readTimeout="20s">
        <loginProperty name="uid"/>
        <loginProperty name="mail"/>
        <ldapEntityType name="OrgContainer">
            <objectClass>organization</objectClass>
            <objectClass>organizationalUnit</objectClass>
            <objectClass>domain</objectClass>
            <objectClass>container</objectClass>
        </ldapEntityType>
        <ldapEntityType name="Group">
            <objectClass>groupOfNames</objectClass>
            <objectClass>groupOfUniqueNames</objectClass>
        </ldapEntityType>
        <ldapEntityType name="PersonAccount">
            <objectClass>inetOrgPerson</objectClass>
            <objectClass>ibmPerson</objectClass>
        </ldapEntityType>
        <groupProperties>
            <memberAttribute dummyMember="uid=dummy" name="member" objectClass="groupOfNames" scope="direct"/>
            <memberAttribute name="uniquemember" objectClass="groupOfUniqueNames" scope="direct"/>
        </groupProperties>
        <attributeConfiguration>
            <attribute entityType="PersonAccount" name="userPassword" propertyName="password"/>
            <attribute entityType="PersonAccount" name="krbPrincipalName" propertyName="kerberosId"/>
        </attributeConfiguration>
        <ldapCache>
            <attributesCache size="4000"/>
            <searchResultsCache resultsSizeLimit="1000" timeout="600s"/>
        </ldapCache>
    </ldapRegistry>

    <federatedRepository pageCacheTimeout="900ms">
        <primaryRealm allowOpIfRepoDown="true" name="defaultWIMFileBasedRealm">
            <participatingBaseEntry name="${ldapRegistry_baseDN_1}"/>
            <participatingBaseEntry name="${ldapRegistry_baseDN_2}"/>
            <uniqueGroupIdMapping inputProperty="uniqueName"/>
            <userSecurityNameMapping outputProperty="principalName"/>
        </primaryRealm>
    </federatedRepository>

    <resourceAdapter id="mqJmsRa" location="/path/to/wmq.jmsra.rar">
        <classloader apiTypeVisibility="spec, ibm-api, api, third-party"/>
    </resourceAdapter>

    
    

    <!-- The following variables, which often differ between environments, have been extracted from the migrated configuration to allow for easy substitution. -->
    <variable defaultValue="virmire.rtp.raleigh.ibm.com" name="TradeDataSource_serverName_1"/>
    <variable defaultValue="1414" name="TradeStreamerMQMDB_port_1"/>
    <variable defaultValue="DEV.APP.SVRCONN" name="TradeBrokerMQQCF_channel_1"/>
    <variable defaultValue="DEV.APP.SVRCONN" name="TradeStreamerMQMDB_channel_1"/>
    <variable defaultValue="tradedb" name="TradeDataSource_databaseName_1"/>
    <variable defaultValue="TradeStreamerTopic" name="TradeStreamerMQTopic_baseTopicName_1"/>
    <variable defaultValue="mqtest" name="TradeBrokerMQQCF_queueManager_1"/>
    <variable defaultValue="1414" name="TradeBrokerMQMDB_port_1"/>
    <variable defaultValue="mqtest" name="TradeBrokerMQMDB_queueManager_1"/>
    <variable defaultValue="50000" name="TradeDataSource_portNumber_1"/>
    <variable defaultValue="mqtest" name="TradeStreamerMQTCF_queueManager_1"/>
    <variable defaultValue="virmire.rtp.raleigh.ibm.com" name="TradeBrokerMQQCF_host_1"/>
    <variable defaultValue="TRADE.BROKER.QUEUE" name="TradeBrokerMQQueue_baseQueueName_1"/>
    <variable defaultValue="o=coconuts" name="ldapRegistry_baseDN_1"/>
    <variable defaultValue="o=ibm.com" name="ldapRegistry_baseDN_2"/>
    <variable defaultValue="virmire.rtp.raleigh.ibm.com" name="TradeStreamerMQMDB_hostName_1"/>
    <variable defaultValue="9443" name="httpEndpoint_secure_port_1"/>
    <variable defaultValue="virmire.rtp.raleigh.ibm.com" name="TradeStreamerMQTCF_host_1"/>
    <variable defaultValue="mqtest" name="TradeStreamerMQTCF_clientID_1"/>
    <variable defaultValue="mqtest" name="TradeStreamerMQMDB_queueManager_1"/>
    <variable defaultValue="DEV.APP.SVRCONN" name="TradeStreamerMQTCF_channel_1"/>
    <variable defaultValue="bluepages.ibm.com" name="ldapRegistry_host_2"/>
    <variable defaultValue="9080" name="httpEndpoint_port_1"/>
    <variable defaultValue="virmire.rtp.raleigh.ibm.com" name="TradeBrokerMQMDB_hostName_1"/>
    <variable defaultValue="*" name="httpEndpoint_host_1"/>
    <variable defaultValue="389" name="ldapRegistry_port_1"/>
    <variable defaultValue="DEV.APP.SVRCONN" name="TradeBrokerMQMDB_channel_1"/>
    <variable defaultValue="virmire.rtp.raleigh.ibm.com" name="ldapRegistry_host_1"/>
    <variable defaultValue="389" name="ldapRegistry_port_2"/>
<variable defaultValue="" name="TradeAdminAuthData_password_1"/>
<variable defaultValue="" name="TradeAdminAuthData_user_1"/>
<variable defaultValue="" name="TradeDataSourceAuthData_password_1"/>
<variable defaultValue="" name="TradeDataSourceAuthData_user_1"/>
<variable defaultValue="" name="ldapRegistry_bindDN_1"/>
<variable defaultValue="" name="ldapRegistry_bindPassword_1"/>
</server>