{
  "domain": "javaAppServer",
  "middleware": "was",
  "host": "26e1b57edd8e",
  "assessmentUnitName": "DayTrader3.ear",
  "applicationName": "DayTrader3.ear",
  "dcVersion": "2.4.2",
  "collectionUnitType": "profile",
  "collectionUnitName": "AppSrv01",
  "isVirtual": "false",
  "rawDependencies": [
    {
      "domain": "database",
      "middleware": "db2",
      "assessmentUnitName": "${TradeDataSource_databaseName_1}",
      "applicationName": "${TradeDataSource_databaseName_1}",
      "collectionUnitType": "instance",
      "isVirtual": "false",
      "identifier": {
        "portNumber": "${TradeDataSource_portNumber_1}",
        "databaseName": "${TradeDataSource_databaseName_1}"
      }
    }
  ],
  "serverXml": {
    "server": {
      "description": "Configuration generated by binaryAppScanner",
      "featureManager": {
        "feature": [
          "appSecurity-2.0",
          "beanValidation-1.1",
          "cdi-1.2",
          "concurrent-1.0",
          "ejbLite-3.2",
          "ejbPersistentTimer-3.2",
          "ejbRemote-3.2",
          "jdbc-4.1",
          "jms-2.0",
          "jndi-1.0",
          "jpa-2.1",
          "jsf-2.2",
          "jsonp-1.0",
          "jsp-2.3",
          "ldapRegistry-3.0",
          "mdb-3.2",
          "servlet-3.1",
          "websocket-1.1"
        ]
      },
      "applicationManager": {
        "autoExpand": true
      },
      "httpEndpoint": {
        "host": "${httpEndpoint_host_1}",
        "httpPort": "${httpEndpoint_port_1}",
        "httpsPort": "${httpEndpoint_secure_port_1}",
        "id": "defaultHttpEndpoint"
      },
      "enterpriseApplication": {
        "location": "DayTrader3.ear",
        "web-ext": {
          "context-root": "/daytrader",
          "moduleName": "daytrader-ee7-web"
        },
        "ejb-jar-bnd": {
          "moduleName": "daytrader-ee7-ejb",
          "message-driven": [
            {
              "name": "DTBroker3MDB",
              "jca-adapter": {
                "activation-spec-binding-name": "eis/TradeBrokerMDB",
                "destination-binding-name": "jms/TradeBrokerQueue"
              }
            },
            {
              "name": "DTStreamer3MDB",
              "jca-adapter": {
                "activation-spec-binding-name": "eis/TradeStreamerMDB",
                "destination-binding-name": "jms/TradeStreamerTopic"
              }
            }
          ]
        },
        "application-bnd": {
          "security-role": [
            {
              "name": "testing"
            },
            {
              "name": "AllAuthenticated"
            },
            {
              "name": "grp1",
              "group": {
                "access-id": "group:defaultWIMFileBasedRealm/cn\u003dWAS Admins,ou\u003dgroups,o\u003dcoconuts",
                "name": "WAS Admins"
              }
            },
            {
              "name": "grp2",
              "group": {
                "access-id": "group:defaultWIMFileBasedRealm/cn\u003dWAS Admins,ou\u003dgroups,o\u003dcoconuts",
                "name": "WAS Admins"
              }
            },
            {
              "name": "grp3"
            },
            {
              "name": "grp4"
            },
            {
              "name": "grp5"
            },
            {
              "name": "webSecOnly"
            }
          ]
        }
      },
      "authData": [
        {
          "id": "TradeAdminAuthData",
          "password": "${TradeAdminAuthData_password_1}",
          "user": "${TradeAdminAuthData_user_1}"
        },
        {
          "id": "TradeDataSourceAuthData",
          "password": "${TradeDataSourceAuthData_password_1}",
          "user": "${TradeDataSourceAuthData_user_1}"
        }
      ],
      "jdbcDriver": {
        "id": "DB2_Universal_JDBC_Driver_Provider_Only",
        "library": {
          "file": [
            {
              "name": "/was/db2jars/db2jcc.jar"
            },
            {
              "name": "/was/db2jars/db2jcc_license_cu.jar"
            }
          ]
        }
      },
      "dataSource": {
        "beginTranForResultSetScrollingAPIs": false,
        "beginTranForVendorAPIs": false,
        "containerAuthDataRef": "TradeDataSourceAuthData",
        "id": "TradeDataSource",
        "jdbcDriverRef": "DB2_Universal_JDBC_Driver_Provider_Only",
        "jndiName": "jdbc/TradeDataSource",
        "type": "javax.sql.ConnectionPoolDataSource",
        "properties.db2.jcc": {
          "databaseName": "${TradeDataSource_databaseName_1}",
          "driverType": 4,
          "name": "TradeDataSource",
          "portNumber": "${TradeDataSource_portNumber_1}",
          "retrieveMessagesFromServerOnGetMessage": true,
          "serverName": "${TradeDataSource_serverName_1}"
        },
        "connectionManager": {
          "connectionTimeout": 180,
          "minPoolSize": 10
        }
      },
      "jmsActivationSpec": [
        {
          "id": "eis/TradeBrokerMDB",
          "properties.mqJmsRa": {
            "brokerCCDurSubQueue": "SYSTEM.JMS.D.CC.SUBSCRIBER.QUEUE",
            "brokerCCSubQueue": "SYSTEM.JMS.ND.CC.SUBSCRIBER.QUEUE",
            "brokerControlQueue": "SYSTEM.BROKER.CONTROL.QUEUE",
            "brokerSubQueue": "SYSTEM.JMS.ND.SUBSCRIBER.QUEUE",
            "brokerVersion": 1,
            "channel": "${TradeBrokerMQMDB_channel_1}",
            "cleanupInterval": 3600000,
            "destination": "jms/TradeBrokerQueue",
            "hostName": "${TradeBrokerMQMDB_hostName_1}",
            "poolTimeout": 300000,
            "port": "${TradeBrokerMQMDB_port_1}",
            "queueManager": "${TradeBrokerMQMDB_queueManager_1}",
            "sparseSubscriptions": false,
            "subscriptionDurability": "Nondurable",
            "subscriptionStore": "MIGRATE",
            "transportType": "BINDINGS_THEN_CLIENT",
            "useJNDI": true
          }
        },
        {
          "id": "eis/TradeStreamerMDB",
          "properties.mqJmsRa": {
            "brokerCCDurSubQueue": "SYSTEM.JMS.D.CC.SUBSCRIBER.QUEUE",
            "brokerCCSubQueue": "SYSTEM.JMS.ND.CC.SUBSCRIBER.QUEUE",
            "brokerControlQueue": "SYSTEM.BROKER.CONTROL.QUEUE",
            "brokerSubQueue": "SYSTEM.JMS.ND.SUBSCRIBER.QUEUE",
            "brokerVersion": 1,
            "channel": "${TradeStreamerMQMDB_channel_1}",
            "cleanupInterval": 3600000,
            "destination": "jms/TradeStreamerTopic",
            "destinationType": "javax.jms.Topic",
            "hostName": "${TradeStreamerMQMDB_hostName_1}",
            "poolTimeout": 300000,
            "port": "${TradeStreamerMQMDB_port_1}",
            "queueManager": "${TradeStreamerMQMDB_queueManager_1}",
            "sparseSubscriptions": false,
            "subscriptionDurability": "Nondurable",
            "subscriptionStore": "MIGRATE",
            "transportType": "BINDINGS_THEN_CLIENT",
            "useJNDI": true
          }
        }
      ],
      "jmsQueueConnectionFactory": {
        "id": "TradeBrokerMQQCF",
        "jndiName": "jms/TradeBrokerQCF",
        "properties.mqJmsRa": {
          "channel": "${TradeBrokerMQQCF_channel_1}",
          "hostName": "${TradeBrokerMQQCF_host_1}",
          "queueManager": "${TradeBrokerMQQCF_queueManager_1}",
          "temporaryModel": "SYSTEM.DEFAULT.MODEL.QUEUE"
        }
      },
      "jmsTopicConnectionFactory": {
        "id": "TradeStreamerMQTCF",
        "jndiName": "jms/TradeStreamerTCF",
        "properties.mqJmsRa": {
          "brokerCCSubQueue": "SYSTEM.JMS.ND.CC.SUBSCRIBER.QUEUE",
          "brokerControlQueue": "SYSTEM.BROKER.CONTROL.QUEUE",
          "brokerPubQueue": "SYSTEM.BROKER.DEFAULT.STREAM",
          "brokerSubQueue": "SYSTEM.JMS.ND.SUBSCRIBER.QUEUE",
          "channel": "${TradeStreamerMQTCF_channel_1}",
          "cleanupInterval": 3600000,
          "clientId": "${TradeStreamerMQTCF_clientID_1}",
          "hostName": "${TradeStreamerMQTCF_host_1}",
          "queueManager": "${TradeStreamerMQTCF_queueManager_1}",
          "subscriptionStore": "MIGRATE"
        }
      },
      "jmsQueue": {
        "id": "TradeBrokerMQQueue",
        "jndiName": "jms/TradeBrokerQueue",
        "properties.mqJmsRa": {
          "baseQueueName": "${TradeBrokerMQQueue_baseQueueName_1}"
        }
      },
      "jmsTopic": {
        "id": "TradeStreamerMQTopic",
        "jndiName": "jms/TradeStreamerTopic",
        "properties.mqJmsRa": {
          "baseTopicName": "${TradeStreamerMQTopic_baseTopicName_1}"
        }
      },
      "ldapRegistry": [
        {
          "baseDN": "${ldapRegistry_baseDN_1}",
          "bindDN": "${ldapRegistry_bindDN_1}",
          "bindPassword": "${ldapRegistry_bindPassword_1}",
          "connectTimeout": "20s",
          "host": "${ldapRegistry_host_1}",
          "id": "virmire",
          "ldapType": "Custom",
          "port": "${ldapRegistry_port_1}",
          "readTimeout": "20s",
          "ldapEntityType": {
            "name": "Group",
            "objectClass": [
              "groupOfUniqueNames",
              "groupOfNames"
            ]
          },
          "groupProperties": {
            "memberAttribute": {
              "name": "member",
              "objectClass": "groupOfNames",
              "scope": "direct"
            }
          }
        },
        {
          "baseDN": "${ldapRegistry_baseDN_2}",
          "connectTimeout": "20s",
          "host": "${ldapRegistry_host_2}",
          "id": "LDAP2",
          "ldapType": "IBM Tivoli Directory Server",
          "port": "${ldapRegistry_port_2}",
          "readTimeout": "20s",
          "loginProperty": [
            {
              "name": "uid"
            },
            {
              "name": "mail"
            }
          ],
          "ldapEntityType": [
            {
              "name": "OrgContainer",
              "objectClass": [
                "organization",
                "organizationalUnit",
                "domain",
                "container"
              ]
            },
            {
              "name": "Group",
              "objectClass": [
                "groupOfNames",
                "groupOfUniqueNames"
              ]
            },
            {
              "name": "PersonAccount",
              "objectClass": [
                "inetOrgPerson",
                "ibmPerson"
              ]
            }
          ],
          "groupProperties": {
            "memberAttribute": [
              {
                "dummyMember": "uid\u003ddummy",
                "name": "member",
                "objectClass": "groupOfNames",
                "scope": "direct"
              },
              {
                "name": "uniquemember",
                "objectClass": "groupOfUniqueNames",
                "scope": "direct"
              }
            ]
          },
          "attributeConfiguration": {
            "attribute": [
              {
                "entityType": "PersonAccount",
                "name": "userPassword",
                "propertyName": "password"
              },
              {
                "entityType": "PersonAccount",
                "name": "krbPrincipalName",
                "propertyName": "kerberosId"
              }
            ]
          },
          "ldapCache": {
            "attributesCache": {
              "size": 4000
            },
            "searchResultsCache": {
              "resultsSizeLimit": 1000,
              "timeout": "600s"
            }
          }
        }
      ],
      "federatedRepository": {
        "pageCacheTimeout": "900ms",
        "primaryRealm": {
          "allowOpIfRepoDown": true,
          "name": "defaultWIMFileBasedRealm",
          "participatingBaseEntry": [
            {
              "name": "${ldapRegistry_baseDN_1}"
            },
            {
              "name": "${ldapRegistry_baseDN_2}"
            }
          ],
          "uniqueGroupIdMapping": {
            "inputProperty": "uniqueName"
          },
          "userSecurityNameMapping": {
            "outputProperty": "principalName"
          }
        }
      },
      "resourceAdapter": {
        "id": "mqJmsRa",
        "location": "/path/to/wmq.jmsra.rar",
        "classloader": {
          "apiTypeVisibility": "spec, ibm-api, api, third-party"
        }
      },
      "variable": [
        {
          "defaultValue": "virmire.rtp.raleigh.ibm.com",
          "name": "TradeDataSource_serverName_1"
        },
        {
          "defaultValue": 1414,
          "name": "TradeStreamerMQMDB_port_1"
        },
        {
          "defaultValue": "DEV.APP.SVRCONN",
          "name": "TradeBrokerMQQCF_channel_1"
        },
        {
          "defaultValue": "DEV.APP.SVRCONN",
          "name": "TradeStreamerMQMDB_channel_1"
        },
        {
          "defaultValue": "tradedb",
          "name": "TradeDataSource_databaseName_1"
        },
        {
          "defaultValue": "TradeStreamerTopic",
          "name": "TradeStreamerMQTopic_baseTopicName_1"
        },
        {
          "defaultValue": "mqtest",
          "name": "TradeBrokerMQQCF_queueManager_1"
        },
        {
          "defaultValue": 1414,
          "name": "TradeBrokerMQMDB_port_1"
        },
        {
          "defaultValue": "mqtest",
          "name": "TradeBrokerMQMDB_queueManager_1"
        },
        {
          "defaultValue": 50000,
          "name": "TradeDataSource_portNumber_1"
        },
        {
          "defaultValue": "mqtest",
          "name": "TradeStreamerMQTCF_queueManager_1"
        },
        {
          "defaultValue": "virmire.rtp.raleigh.ibm.com",
          "name": "TradeBrokerMQQCF_host_1"
        },
        {
          "defaultValue": "TRADE.BROKER.QUEUE",
          "name": "TradeBrokerMQQueue_baseQueueName_1"
        },
        {
          "defaultValue": "o\u003dcoconuts",
          "name": "ldapRegistry_baseDN_1"
        },
        {
          "defaultValue": "o\u003dibm.com",
          "name": "ldapRegistry_baseDN_2"
        },
        {
          "defaultValue": "virmire.rtp.raleigh.ibm.com",
          "name": "TradeStreamerMQMDB_hostName_1"
        },
        {
          "defaultValue": 9443,
          "name": "httpEndpoint_secure_port_1"
        },
        {
          "defaultValue": "virmire.rtp.raleigh.ibm.com",
          "name": "TradeStreamerMQTCF_host_1"
        },
        {
          "defaultValue": "mqtest",
          "name": "TradeStreamerMQTCF_clientID_1"
        },
        {
          "defaultValue": "mqtest",
          "name": "TradeStreamerMQMDB_queueManager_1"
        },
        {
          "defaultValue": "DEV.APP.SVRCONN",
          "name": "TradeStreamerMQTCF_channel_1"
        },
        {
          "defaultValue": "bluepages.ibm.com",
          "name": "ldapRegistry_host_2"
        },
        {
          "defaultValue": 9080,
          "name": "httpEndpoint_port_1"
        },
        {
          "defaultValue": "virmire.rtp.raleigh.ibm.com",
          "name": "TradeBrokerMQMDB_hostName_1"
        },
        {
          "defaultValue": "*",
          "name": "httpEndpoint_host_1"
        },
        {
          "defaultValue": 389,
          "name": "ldapRegistry_port_1"
        },
        {
          "defaultValue": "DEV.APP.SVRCONN",
          "name": "TradeBrokerMQMDB_channel_1"
        },
        {
          "defaultValue": "virmire.rtp.raleigh.ibm.com",
          "name": "ldapRegistry_host_1"
        },
        {
          "defaultValue": 389,
          "name": "ldapRegistry_port_2"
        },
        {
          "defaultValue": "",
          "name": "TradeAdminAuthData_password_1"
        },
        {
          "defaultValue": "",
          "name": "TradeAdminAuthData_user_1"
        },
        {
          "defaultValue": "",
          "name": "TradeDataSourceAuthData_password_1"
        },
        {
          "defaultValue": "",
          "name": "TradeDataSourceAuthData_user_1"
        },
        {
          "defaultValue": "",
          "name": "ldapRegistry_bindDN_1"
        },
        {
          "defaultValue": "",
          "name": "ldapRegistry_bindPassword_1"
        }
      ]
    }
  }
}