{
   "report": "analysis",
   "version": "1.2",
   "productVersion": "9.0",
   "productRelease": "21.0.0.1",
   "buildID": "v20210311_2302",
   "options": [
      "--sourceAppServer=was90",
      "--sourceJava=ibm8",
      "--sourceJavaEE=ee7",
      "--targetAppServer=openLiberty",
      "--targetJava=ibm8",
      "--targetJavaEE=ee7",
      "--targetCloud=containers"
   ],
   "totalRulesFlagged": 12,
   "filesAffected": 17,
   "totalResults": 20,
   "severitySummary": [
      {
         "severity": "Severe",
         "severityId": "severe",
         "totalRulesFlagged": 5,
         "totalResults": 8
      },
      {
         "severity": "Warning",
         "severityId": "warning",
         "totalRulesFlagged": 5,
         "totalResults": 10
      },
      {
         "severity": "Information",
         "severityId": "info",
         "totalRulesFlagged": 2,
         "totalResults": 2
      }
   ],
   "applications": [
      "/opt/IBM/WebSphere/AppServer/profiles/AppSrv01/config/cells/DefaultCell01/applications/DefaultApplication.ear/DefaultApplication.ear"
   ],
   "rules": [
      {
         "ruleName": "Behavior change on lookups for Enterprise JavaBeans in previous versions of Liberty",
         "ruleId": "EJBNamingLookupRule",
         "devCost": "0",
         "instanceCost": "0",
         "severity": "Information",
         "severityId": "info",
         "category": "WebSphere traditional to Liberty",
         "categoryId": "appconversion.was2liberty.category",
         "results": [
            {
               "fileName": "DefaultApplication.ear/DefaultWebApplication.war/WEB-INF/ibm-web-bnd.xmi",
               "details": [
                  {
                     "reference": null,
                     "match": "ejbRefBindings.jndiName=Increment",
                     "lineNumber": 4
                  }
               ]
            }
         ]
      },
      {
         "ruleName": "Databases",
         "ruleId": "DatabasesSQLRule",
         "devCost": "0",
         "instanceCost": "0",
         "severity": "Warning",
         "severityId": "warning",
         "category": "Technology connectivity considerations for IBM Cloud",
         "categoryId": "appconversion.cloud.category.technology.connectivity",
         "results": [
            {
               "fileName": "DefaultApplication.ear/Increment.jar/com/ibm/defaultapplication/websphere_deploy/DERBY_V100_1/IncrementBeanFunctionSet_501bb55e.class",
               "details": [
                  {
                     "reference": "Method Create - Catch exception",
                     "match": "java.sql",
                     "lineNumber": 0
                  }
               ]
            }
         ],
         "referencedClasses": [
            {
               "class": "java.sql.PreparedStatement",
               "total": 65
            },
            {
               "class": "java.sql.ResultSet",
               "total": 4
            },
            {
               "class": "java.sql.SQLException",
               "total": 18
            }
         ]
      },
      {
         "ruleName": "Entity Enterprise JavaBeans (EJB) are unavailable",
         "ruleId": "DetectEJBEntityBeansXML",
         "devCost": "10",
         "instanceCost": "10",
         "severity": "Severe",
         "severityId": "severe",
         "category": "Java Technology Support for Liberty",
         "categoryId": "com.ibm.rrd.liberty.rules.liberty.profile.technology.ruleset",
         "results": [
            {
               "fileName": "DefaultApplication.ear/Increment.jar/META-INF/ejb-jar.xml",
               "details": [
                  {
                     "reference": null,
                     "match": "entity",
                     "lineNumber": 7
                  }
               ]
            }
         ]
      },
      {
         "ruleName": "Handling application configuration in Docker containers",
         "ruleId": "DetectPropertiesFiles",
         "devCost": "0",
         "instanceCost": "0",
         "severity": "Warning",
         "severityId": "warning",
         "category": "Containers (OpenShift, Kubernetes)",
         "categoryId": "appconversion.cloud.category.docker",
         "results": [
            {
               "fileName": "DefaultApplication.ear/DefaultDB/service.properties",
               "details": [
                  {
                     "reference": null,
                     "match": "(.*)?\\.properties",
                     "lineNumber": 0
                  }
               ]
            },
            {
               "fileName": "DefaultApplication.ear/Increment.jar/META-INF/backends/DERBY_V100_1/ibm_pmbab.properties",
               "details": [
                  {
                     "reference": null,
                     "match": "(.*)?\\.properties",
                     "lineNumber": 0
                  }
               ]
            },
            {
               "fileName": "DefaultApplication.ear/Increment.jar/META-INF/ibm_ejbext.properties",
               "details": [
                  {
                     "reference": null,
                     "match": "(.*)?\\.properties",
                     "lineNumber": 0
                  }
               ]
            }
         ]
      },
      {
         "ruleName": "Java EE security",
         "ruleId": "ApplicationSecurityRule",
         "devCost": "0",
         "instanceCost": "0",
         "severity": "Warning",
         "severityId": "warning",
         "category": "Technology connectivity considerations for IBM Cloud",
         "categoryId": "appconversion.cloud.category.technology.connectivity",
         "results": [
            {
               "fileName": "DefaultApplication.ear/DefaultWebApplication.war/WEB-INF/classes/SnoopServlet.class",
               "details": [
                  {
                     "reference": "Method doGet",
                     "match": "javax.servlet.http.HttpServletRequest.getUserPrincipal(*)",
                     "lineNumber": 137
                  }
               ]
            },
            {
               "fileName": "DefaultApplication.ear/Increment.jar/META-INF/ejb-jar.xml",
               "details": [
                  {
                     "reference": null,
                     "match": "method-permission",
                     "lineNumber": 28
                  }
               ]
            }
         ]
      },
      {
         "ruleName": "Remote EJB lookups",
         "ruleId": "RemoteEJBLookupsRule",
         "devCost": "0",
         "instanceCost": "0",
         "severity": "Warning",
         "severityId": "warning",
         "category": "Technology connectivity considerations for IBM Cloud (not Liberty Core)",
         "categoryId": "appconversion.cloud.category.technology.connectivity.noLibertyCore",
         "results": [
            {
               "fileName": "DefaultApplication.ear/DefaultWebApplication.war/WEB-INF/web.xml",
               "details": [
                  {
                     "reference": null,
                     "match": "home",
                     "lineNumber": 71
                  }
               ]
            }
         ]
      },
      {
         "ruleName": "Remote EJB providers",
         "ruleId": "RemoteEJBProvidersRule",
         "devCost": "0",
         "instanceCost": "0",
         "severity": "Warning",
         "severityId": "warning",
         "category": "Technology connectivity considerations for IBM Cloud (not Liberty Core)",
         "categoryId": "appconversion.cloud.category.technology.connectivity.noLibertyCore",
         "results": [
            {
               "fileName": "DefaultApplication.ear/DefaultWebApplication.war/WEB-INF/lib/WsaEJBDeployUtility.jar/com/ibm/defaultapplication/_IncrementHome_Stub.class",
               "details": [
                  {
                     "reference": "Method getEJBMetaData",
                     "match": "javax.ejb.EJBHome",
                     "lineNumber": 158
                  }
               ]
            },
            {
               "fileName": "DefaultApplication.ear/Increment.jar/com/ibm/defaultapplication/EJSCMPIncrementHomeBean_501bb55e.class",
               "details": [
                  {
                     "reference": "Method create",
                     "match": "javax.ejb.EJBObject",
                     "lineNumber": 0
                  }
               ]
            },
            {
               "fileName": "DefaultApplication.ear/WsaEJBDeployUtility.jar/com/ibm/defaultapplication/_IncrementHome_Stub.class",
               "details": [
                  {
                     "reference": "Method getEJBMetaData",
                     "match": "javax.ejb.EJBHome",
                     "lineNumber": 158
                  }
               ]
            }
         ]
      },
      {
         "ruleName": "The WebSphere Enterprise JavaBeans APIs and SPIs are unavailable",
         "ruleId": "WebSphereUnavailableAPIsEnterpriseJavaBeans",
         "devCost": "1",
         "instanceCost": "0.1",
         "severity": "Severe",
         "severityId": "severe",
         "category": "WebSphere traditional to Liberty",
         "categoryId": "appconversion.was2liberty.category",
         "results": [
            {
               "fileName": "DefaultApplication.ear/Increment.jar/com/ibm/defaultapplication/websphere_deploy/DERBY_V100_1/IncrementBeanAdaptorBinding_501bb55e.class",
               "details": [
                  {
                     "reference": "Method getAdapter - Method return type",
                     "match": "com.ibm.websphere.ejbpersistence",
                     "lineNumber": 0
                  }
               ]
            },
            {
               "fileName": "DefaultApplication.ear/Increment.jar/com/ibm/ejs/container/_EJSWrapper_Stub.class",
               "details": [
                  {
                     "reference": "Class implements",
                     "match": "com.ibm.websphere.csi",
                     "lineNumber": 0
                  }
               ]
            },
            {
               "fileName": "DefaultApplication.ear/Increment.jar/com/ibm/websphere/csi/_CSIServant_Stub.class",
               "details": [
                  {
                     "reference": "Class declaration",
                     "match": "com.ibm.websphere.csi",
                     "lineNumber": 0
                  }
               ]
            },
            {
               "fileName": "DefaultApplication.ear/Increment.jar/com/ibm/websphere/csi/_TransactionalObject_Stub.class",
               "details": [
                  {
                     "reference": "Class declaration",
                     "match": "com.ibm.websphere.csi",
                     "lineNumber": 0
                  }
               ]
            }
         ],
         "referencedClasses": [
            {
               "class": "com.ibm.websphere.csi.CSIServant",
               "total": 6
            },
            {
               "class": "com.ibm.websphere.csi.TransactionalObject",
               "total": 2
            },
            {
               "class": "com.ibm.websphere.csi._CSIServant_Stub",
               "total": 7
            },
            {
               "class": "com.ibm.websphere.csi._TransactionalObject_Stub",
               "total": 3
            },
            {
               "class": "com.ibm.websphere.ejbpersistence.EJBToRAAdapter",
               "total": 1
            }
         ]
      },
      {
         "ruleName": "The WebSphere Resource Adapter APIs and SPIs are unavailable",
         "ruleId": "WebSphereUnavailableAPIsResourceAdapter",
         "devCost": "1",
         "instanceCost": "0.1",
         "severity": "Severe",
         "severityId": "severe",
         "category": "WebSphere traditional to Liberty",
         "categoryId": "appconversion.was2liberty.category",
         "results": [
            {
               "fileName": "DefaultApplication.ear/Increment.jar/com/ibm/defaultapplication/websphere_deploy/DERBY_V100_1/IncrementBeanFunctionSet_501bb55e.class",
               "details": [
                  {
                     "reference": "Class implements",
                     "match": "com.ibm.websphere.rsadapter",
                     "lineNumber": 0
                  }
               ]
            }
         ],
         "referencedClasses": [
            {
               "class": "com.ibm.websphere.rsadapter.DataAccessFunctionSet",
               "total": 1
            },
            {
               "class": "com.ibm.websphere.rsadapter.WSInteractionSpec",
               "total": 26
            }
         ]
      },
      {
         "ruleName": "The WebSphere Servlet API was superseded by a newer implementation",
         "ruleId": "WebSphereServletRule",
         "devCost": "1",
         "instanceCost": "0.1",
         "severity": "Severe",
         "severityId": "severe",
         "category": "WebSphere traditional to Liberty",
         "categoryId": "appconversion.was2liberty.category",
         "results": [
            {
               "fileName": "DefaultApplication.ear/DefaultWebApplication.war/WEB-INF/classes/HelloPervasiveServlet.class",
               "details": [
                  {
                     "reference": "Constructor",
                     "match": "com.ibm.servlet.PageListServlet",
                     "lineNumber": 32
                  }
               ]
            }
         ]
      },
      {
         "ruleName": "Transaction propagation is not supported for Enterprise JavaBeans (EJB) remote interfaces",
         "ruleId": "DetectTransactionPropagationEJBRemote",
         "devCost": "1",
         "instanceCost": "0.1",
         "severity": "Severe",
         "severityId": "severe",
         "category": "Java Technology Support for Liberty",
         "categoryId": "com.ibm.rrd.liberty.rules.liberty.profile.technology.ruleset",
         "results": [
            {
               "fileName": "DefaultApplication.ear/Increment.jar/META-INF/ejb-jar.xml",
               "details": [
                  {
                     "reference": null,
                     "match": "remote",
                     "lineNumber": 12
                  }
               ]
            }
         ]
      },
      {
         "ruleName": "User-defined EJB binding locations were previously ignored in Liberty",
         "ruleId": "DetectEJBJNDIbindingName",
         "devCost": "0",
         "instanceCost": "0",
         "severity": "Information",
         "severityId": "info",
         "category": "WebSphere traditional to Liberty",
         "categoryId": "appconversion.was2liberty.category",
         "results": [
            {
               "fileName": "DefaultApplication.ear/Increment.jar/META-INF/ibm-ejb-jar-bnd.xmi",
               "details": [
                  {
                     "reference": null,
                     "match": "ejbBindings.jndiName=Increment",
                     "lineNumber": 4
                  }
               ]
            }
         ]
      }
   ]
}