{
   "report": "inventory",
   "version": "3.0",
   "productVersion": "9.0",
   "productRelease": "21.0.0.1",
   "buildID": "v20210311_2302",
   "options": [
   ],
   "applications": [
      "/opt/IBM/WebSphere/AppServer/profiles/AppSrv01/config/cells/DefaultCell01/applications/DefaultApplication.ear/DefaultApplication.ear"
   ],
   "sharedLibraries": [
   ],
   "archives": {
      "ears": 1,
      "wars": 1,
      "rars": 0,
      "ejbs": 1,
      "webFragments": 0,
      "utilityJars": 4,
      "appClients": 0
   },
   "summary": {
      "servlets": 3,
      "jsps": 8,
      "jpaEntities": 0,
      "bmpEntityBeans": 0,
      "cmpEntityBeans": 1,
      "messageDrivenBeans": 0,
      "singletonSessionBeans": 0,
      "statefulSessionBeans": 0,
      "statelessSessionBeans": 0,
      "jaxrpcConsumers": 0,
      "jaxrpcProviders": 0,
      "jaxrsConsumers": 0,
      "jaxrsProviders": 0,
      "jaxwsConsumers": 0,
      "jaxwsProviders": 0,
      "springBeans": 0
   },
   "archiveInventory": [
      {
         "archiveName": "/opt/IBM/WebSphere/AppServer/profiles/AppSrv01/config/cells/DefaultCell01/applications/DefaultApplication.ear/DefaultApplication.ear",
         "moduleType": "Enterprise archive",
         "moduleVersion": "1.3",
         "metadataComplete": null,
         "moduleSize": 393180,
         "checksum": "f328d5f696ebc53bceb0aa951619156fb4647ef9564d4bfff5ff3cd4b2de46bc",
         "archives": {
            "wars": 1,
            "rars": 0,
            "ejbs": 1,
            "utilityJars": 4,
            "appClients": 0
         },
         "summary": {
            "servlets": 3,
            "jsps": 8,
            "jpaEntities": 0,
            "bmpEntityBeans": 0,
            "cmpEntityBeans": 1,
            "messageDrivenBeans": 0,
            "singletonSessionBeans": 0,
            "statefulSessionBeans": 0,
            "statelessSessionBeans": 0,
            "jaxrpcConsumers": 0,
            "jaxrpcProviders": 0,
            "jaxrsConsumers": 0,
            "jaxrsProviders": 0,
            "jaxwsConsumers": 0,
            "jaxwsProviders": 0,
            "springBeans": 0
         },
         "potentialDeploymentProblemsSummary": {
            "archivesContainingDuplicateClasses": 3,
            "archivesContainingJavaEEorSEClasses": 3,
            "archivesContainingConflictingOpenSourceSoftwareClasses": 0,
            "archivesContainingWebSphereClasses": 1,
            "archivesNotReferencedInTheApplication": 0,
            "archivesWithMissingDependenciesInTheApplication": 2,
            "classesWithSystemLevelJVMConfiguration": 0,
            "sharedLibrariesReferencingApplicationClasses": 0
         },
         "potentialDeploymentProblemsDetails": [
            {
               "duplicateClassesWithinClassLoader": [
               ]
            },
            {
               "duplicateClassesAcrossApplication": [
                  {
                     "conflictingPackages": [
                        "com.ibm.defaultapplication",
                        "org.omg.stub.javax.ejb"
                     ],
                     "packageLocation": [
                        "DefaultWebApplication.war/WEB-INF/lib/WsaEJBDeployUtility.jar",
                        "Increment.jar",
                        "WsaEJBDeployUtility.jar"
                     ]
                  }
               ]
            },
            {
               "javaEEandSEClasses": [
                  {
                     "conflictingPackages": [
                        "org.omg.stub.javax.ejb"
                     ],
                     "packageLocation": [
                        "DefaultWebApplication.war/WEB-INF/lib/WsaEJBDeployUtility.jar",
                        "Increment.jar",
                        "WsaEJBDeployUtility.jar"
                     ]
                  }
               ]
            },
            {
               "duplicateWebSphereClasses": [
                  {
                     "conflictingPackages": [
                        "com.ibm.websphere.csi",
                        "com.ibm.ws.ejbdeploy.JIncrement.DERBY_V100_1"
                     ],
                     "packageLocation": [
                        "Increment.jar"
                     ]
                  }
               ]
            },
            {
               "openSourceSoftwareClasses": [
               ]
            },
            {
               "archivesNotReferenced": [
               ]
            },
            {
               "missingDependencies": [
                  {
                     "missingDependencies": [
                        "com.ibm.ObjectQuery.metadata"
                     ],
                     "archive": [
                        "Increment.jar"
                     ]
                  },
                  {
                     "missingDependencies": [
                        "com.ibm.servlet"
                     ],
                     "archive": [
                        "DefaultWebApplication.war"
                     ]
                  }
               ]
            },
            {
               "classesWithSystemLevelJVMConfiguration": [
               ]
            },
            {
               "sharedLibraryDependencies": [
               ]
            }
         ],
         "performanceConsiderations": {
            "archivesThatAreCandidatesForMetadataCompleteTrueAttribute": [
            ],
            "webModulesWithExcessiveClassFiles": [
            ],
            "webModulesWithExcessiveStaticResources": [
            ]
         },
         "operationalConsiderations": {
            "deploymentTargets": {
               "nonClusteredServers": [
                  {
                     "name": "server1",
                     "node": "DefaultNode01"
                  }
               ]
            }
         },
         "containedArchiveInventory": [
            {
               "archiveName": "/opt/IBM/WebSphere/AppServer/profiles/AppSrv01/config/cells/DefaultCell01/applications/DefaultApplication.ear/DefaultApplication.ear/DefaultWebApplication.war",
               "moduleType": "Web module",
               "moduleVersion": "2.3",
               "metadataComplete": "true",
               "checksum": "0ade376755840f7382804420d3370faf1128ee342461ecc76dd4c1eded80a991",
               "archives": {
                  "ejbs": 0,
                  "webFragments": 0,
                  "utilityJars": 1
               },
               "summary": {
                  "servlets": 3,
                  "jsps": 8,
                  "jpaEntities": 0,
                  "bmpEntityBeans": 0,
                  "cmpEntityBeans": 0,
                  "messageDrivenBeans": 0,
                  "singletonSessionBeans": 0,
                  "statefulSessionBeans": 0,
                  "statelessSessionBeans": 0,
                  "jaxrpcConsumers": 0,
                  "jaxrpcProviders": 0,
                  "jaxrsConsumers": 0,
                  "jaxrsProviders": 0,
                  "jaxwsConsumers": 0,
                  "jaxwsProviders": 0,
                  "springBeans": 0
               },
               "containedArchiveInventory": [
                  {
                     "archiveName": "/opt/IBM/WebSphere/AppServer/profiles/AppSrv01/config/cells/DefaultCell01/applications/DefaultApplication.ear/DefaultApplication.ear/DefaultWebApplication.war/WEB-INF/lib/WsaEJBDeployUtility.jar",
                     "moduleType": "Utility JAR",
                     "checksum": "06ada50bd3e75a0eb9acdf1e059a097d9b8c0410226536d955c9dd5cb5693cb7",
                     "containedPackages": [
                        "com.ibm.defaultapplication",
                        "org.omg.stub"
                     ]
                  }
               ]
            },
            {
               "archiveName": "/opt/IBM/WebSphere/AppServer/profiles/AppSrv01/config/cells/DefaultCell01/applications/DefaultApplication.ear/DefaultApplication.ear/DefaultWebApplication_src.jar",
               "moduleType": "Utility JAR",
               "checksum": "e3b0c44298fc1c149afbf4c8996fb92427ae41e4649b934ca495991b7852b855",
               "containedPackages": [
               ]
            },
            {
               "archiveName": "/opt/IBM/WebSphere/AppServer/profiles/AppSrv01/config/cells/DefaultCell01/applications/DefaultApplication.ear/DefaultApplication.ear/Increment.jar",
               "moduleType": "EJB module",
               "moduleVersion": "2.0",
               "metadataComplete": "true",
               "checksum": "40b52ebbb7009160b6e7598b73acef85166dabb4742caadc12409c4e3af9a38c",
               "summary": {
                  "servlets": 0,
                  "jsps": 0,
                  "jpaEntities": 0,
                  "bmpEntityBeans": 0,
                  "cmpEntityBeans": 1,
                  "messageDrivenBeans": 0,
                  "singletonSessionBeans": 0,
                  "statefulSessionBeans": 0,
                  "statelessSessionBeans": 0,
                  "jaxrpcConsumers": 0,
                  "jaxrpcProviders": 0,
                  "jaxrsConsumers": 0,
                  "jaxrsProviders": 0,
                  "jaxwsConsumers": 0,
                  "jaxwsProviders": 0,
                  "springBeans": 0
               }
            },
            {
               "archiveName": "/opt/IBM/WebSphere/AppServer/profiles/AppSrv01/config/cells/DefaultCell01/applications/DefaultApplication.ear/DefaultApplication.ear/Increment_src.jar",
               "moduleType": "Utility JAR",
               "checksum": "e3b0c44298fc1c149afbf4c8996fb92427ae41e4649b934ca495991b7852b855",
               "containedPackages": [
               ]
            },
            {
               "archiveName": "/opt/IBM/WebSphere/AppServer/profiles/AppSrv01/config/cells/DefaultCell01/applications/DefaultApplication.ear/DefaultApplication.ear/WsaEJBDeployUtility.jar",
               "moduleType": "Utility JAR",
               "checksum": "06ada50bd3e75a0eb9acdf1e059a097d9b8c0410226536d955c9dd5cb5693cb7",
               "containedPackages": [
                  "com.ibm.defaultapplication",
                  "org.omg.stub"
               ]
            }
         ]
      }
   ],
   "sharedLibraryDetails": [
   ]
}