<?xml version="1.0" encoding="UTF-8"?><server description="Configuration generated by binaryAppScanner">
    <featureManager>
        <!--The following features are available in Open Liberty.-->
        <feature>appSecurity-2.0</feature>
        <feature>ejbLite-3.2</feature>
        <feature>ejbRemote-3.2</feature>
        <feature>jdbc-4.1</feature>
        <feature>ldapRegistry-3.0</feature>
    </featureManager>

    <!-- This configuration was migrated on 5/3/21 at 9:50:24 PM from the following location: /opt/IBM/WebSphere/AppServer/profiles/AppSrv01 -->
    <!-- The binary scanner does not support the migration of all WebSphere traditional configuration elements. Check the binary scanner documentation for the list of supported configuration elements. -->
    <applicationManager autoExpand="true"/>

    <httpEndpoint host="${httpEndpoint_host_1}" httpPort="${httpEndpoint_port_1}" httpsPort="${httpEndpoint_secure_port_1}" id="defaultHttpEndpoint"/>

    <enterpriseApplication location="query.ear"/>

    <ldapRegistry baseDN="${ldapRegistry_baseDN_1}" bindDN="${ldapRegistry_bindDN_1}" bindPassword="${ldapRegistry_bindPassword_1}" connectTimeout="20s" host="${ldapRegistry_host_1}" id="virmire" ldapType="Custom" port="${ldapRegistry_port_1}" readTimeout="20s">
        <ldapEntityType name="Group">
            <objectClass>groupOfUniqueNames</objectClass>
            <objectClass>groupOfNames</objectClass>
        </ldapEntityType>
        <groupProperties>
            <memberAttribute name="member" objectClass="groupOfNames" scope="direct"/>
        </groupProperties>
    </ldapRegistry>

    <ldapRegistry baseDN="${ldapRegistry_baseDN_2}" connectTimeout="20s" host="${ldapRegistry_host_2}" id="LDAP2" ldapType="IBM Tivoli Directory Server" port="${ldapRegistry_port_2}" readTimeout="20s">
        <loginProperty name="uid"/>
        <loginProperty name="mail"/>
        <ldapEntityType name="OrgContainer">
            <objectClass>organization</objectClass>
            <objectClass>organizationalUnit</objectClass>
            <objectClass>domain</objectClass>
            <objectClass>container</objectClass>
        </ldapEntityType>
        <ldapEntityType name="Group">
            <objectClass>groupOfNames</objectClass>
            <objectClass>groupOfUniqueNames</objectClass>
        </ldapEntityType>
        <ldapEntityType name="PersonAccount">
            <objectClass>inetOrgPerson</objectClass>
            <objectClass>ibmPerson</objectClass>
        </ldapEntityType>
        <groupProperties>
            <memberAttribute dummyMember="uid=dummy" name="member" objectClass="groupOfNames" scope="direct"/>
            <memberAttribute name="uniquemember" objectClass="groupOfUniqueNames" scope="direct"/>
        </groupProperties>
        <attributeConfiguration>
            <attribute entityType="PersonAccount" name="userPassword" propertyName="password"/>
            <attribute entityType="PersonAccount" name="krbPrincipalName" propertyName="kerberosId"/>
        </attributeConfiguration>
        <ldapCache>
            <attributesCache size="4000"/>
            <searchResultsCache resultsSizeLimit="1000" timeout="600s"/>
        </ldapCache>
    </ldapRegistry>

    <federatedRepository pageCacheTimeout="900ms">
        <primaryRealm allowOpIfRepoDown="true" name="defaultWIMFileBasedRealm">
            <participatingBaseEntry name="${ldapRegistry_baseDN_1}"/>
            <participatingBaseEntry name="${ldapRegistry_baseDN_2}"/>
            <uniqueGroupIdMapping inputProperty="uniqueName"/>
            <userSecurityNameMapping outputProperty="principalName"/>
        </primaryRealm>
    </federatedRepository>

    
    

    <!-- The following variables, which often differ between environments, have been extracted from the migrated configuration to allow for easy substitution. -->
    <variable defaultValue="o=coconuts" name="ldapRegistry_baseDN_1"/>
    <variable defaultValue="bluepages.ibm.com" name="ldapRegistry_host_2"/>
    <variable defaultValue="9080" name="httpEndpoint_port_1"/>
    <variable defaultValue="o=ibm.com" name="ldapRegistry_baseDN_2"/>
    <variable defaultValue="*" name="httpEndpoint_host_1"/>
    <variable defaultValue="389" name="ldapRegistry_port_1"/>
    <variable defaultValue="virmire.rtp.raleigh.ibm.com" name="ldapRegistry_host_1"/>
    <variable defaultValue="389" name="ldapRegistry_port_2"/>
    <variable defaultValue="9443" name="httpEndpoint_secure_port_1"/>
<variable defaultValue="" name="ldapRegistry_bindDN_1"/>
<variable defaultValue="" name="ldapRegistry_bindPassword_1"/>
</server>