{
  "domain": "javaAppServer",
  "middleware": "was",
  "host": "26e1b57edd8e",
  "assessmentUnitName": "query.ear",
  "applicationName": "query.ear",
  "dcVersion": "2.4.2",
  "collectionUnitType": "profile",
  "collectionUnitName": "AppSrv01",
  "isVirtual": "false",
  "serverXml": {
    "server": {
      "description": "Configuration generated by binaryAppScanner",
      "featureManager": {
        "feature": [
          "appSecurity-2.0",
          "ejbLite-3.2",
          "ejbRemote-3.2",
          "jdbc-4.1",
          "ldapRegistry-3.0"
        ]
      },
      "applicationManager": {
        "autoExpand": true
      },
      "httpEndpoint": {
        "host": "${httpEndpoint_host_1}",
        "httpPort": "${httpEndpoint_port_1}",
        "httpsPort": "${httpEndpoint_secure_port_1}",
        "id": "defaultHttpEndpoint"
      },
      "enterpriseApplication": {
        "location": "query.ear"
      },
      "ldapRegistry": [
        {
          "baseDN": "${ldapRegistry_baseDN_1}",
          "bindDN": "${ldapRegistry_bindDN_1}",
          "bindPassword": "${ldapRegistry_bindPassword_1}",
          "connectTimeout": "20s",
          "host": "${ldapRegistry_host_1}",
          "id": "virmire",
          "ldapType": "Custom",
          "port": "${ldapRegistry_port_1}",
          "readTimeout": "20s",
          "ldapEntityType": {
            "name": "Group",
            "objectClass": [
              "groupOfUniqueNames",
              "groupOfNames"
            ]
          },
          "groupProperties": {
            "memberAttribute": {
              "name": "member",
              "objectClass": "groupOfNames",
              "scope": "direct"
            }
          }
        },
        {
          "baseDN": "${ldapRegistry_baseDN_2}",
          "connectTimeout": "20s",
          "host": "${ldapRegistry_host_2}",
          "id": "LDAP2",
          "ldapType": "IBM Tivoli Directory Server",
          "port": "${ldapRegistry_port_2}",
          "readTimeout": "20s",
          "loginProperty": [
            {
              "name": "uid"
            },
            {
              "name": "mail"
            }
          ],
          "ldapEntityType": [
            {
              "name": "OrgContainer",
              "objectClass": [
                "organization",
                "organizationalUnit",
                "domain",
                "container"
              ]
            },
            {
              "name": "Group",
              "objectClass": [
                "groupOfNames",
                "groupOfUniqueNames"
              ]
            },
            {
              "name": "PersonAccount",
              "objectClass": [
                "inetOrgPerson",
                "ibmPerson"
              ]
            }
          ],
          "groupProperties": {
            "memberAttribute": [
              {
                "dummyMember": "uid\u003ddummy",
                "name": "member",
                "objectClass": "groupOfNames",
                "scope": "direct"
              },
              {
                "name": "uniquemember",
                "objectClass": "groupOfUniqueNames",
                "scope": "direct"
              }
            ]
          },
          "attributeConfiguration": {
            "attribute": [
              {
                "entityType": "PersonAccount",
                "name": "userPassword",
                "propertyName": "password"
              },
              {
                "entityType": "PersonAccount",
                "name": "krbPrincipalName",
                "propertyName": "kerberosId"
              }
            ]
          },
          "ldapCache": {
            "attributesCache": {
              "size": 4000
            },
            "searchResultsCache": {
              "resultsSizeLimit": 1000,
              "timeout": "600s"
            }
          }
        }
      ],
      "federatedRepository": {
        "pageCacheTimeout": "900ms",
        "primaryRealm": {
          "allowOpIfRepoDown": true,
          "name": "defaultWIMFileBasedRealm",
          "participatingBaseEntry": [
            {
              "name": "${ldapRegistry_baseDN_1}"
            },
            {
              "name": "${ldapRegistry_baseDN_2}"
            }
          ],
          "uniqueGroupIdMapping": {
            "inputProperty": "uniqueName"
          },
          "userSecurityNameMapping": {
            "outputProperty": "principalName"
          }
        }
      },
      "variable": [
        {
          "defaultValue": "o\u003dcoconuts",
          "name": "ldapRegistry_baseDN_1"
        },
        {
          "defaultValue": "bluepages.ibm.com",
          "name": "ldapRegistry_host_2"
        },
        {
          "defaultValue": 9080,
          "name": "httpEndpoint_port_1"
        },
        {
          "defaultValue": "o\u003dibm.com",
          "name": "ldapRegistry_baseDN_2"
        },
        {
          "defaultValue": "*",
          "name": "httpEndpoint_host_1"
        },
        {
          "defaultValue": 389,
          "name": "ldapRegistry_port_1"
        },
        {
          "defaultValue": "virmire.rtp.raleigh.ibm.com",
          "name": "ldapRegistry_host_1"
        },
        {
          "defaultValue": 389,
          "name": "ldapRegistry_port_2"
        },
        {
          "defaultValue": 9443,
          "name": "httpEndpoint_secure_port_1"
        },
        {
          "defaultValue": "",
          "name": "ldapRegistry_bindDN_1"
        },
        {
          "defaultValue": "",
          "name": "ldapRegistry_bindPassword_1"
        }
      ]
    }
  }
}